year,FIO-ESM-2-0,GFDL-ESM4,GFDL-CM4,IITM-ESM,INM-CM4-8,MRI-ESM2-0,TaiESM1,CMCC-CM2-SR5,MIROC6,NorESM2-MM,INM-CM5-0,EC-Earth3-CC,EC-Earth3-Veg,ACCESS-CM2,BCC-CSM2-MR,FGOALS-f3-L,CanESM5,FGOALS-g3,CAMS-CSM1-0,NorESM2-LM,CAS-ESM2-0,EC-Earth3-Veg-LR,KIOST-ESM,CESM2-WACCM,MPI-ESM1-2-HR,KACE-1-0-G,IPSL-CM6A-LR,CMCC-ESM2,CIESM,AWI-CM-1-1-MR,EC-Earth3,MPI-ESM1-2-LR,NESM3,E3SM-1-1
1950,286.9999249719506,286.74092970140947,286.02848396219485,287.43192248853137,286.8621826525662,287.2666249723851,286.9815159006405,287.3980422199229,288.5964385140075,287.2890213241628,286.7225598124276,287.7685698071388,287.34562182310987,286.92708729722096,288.1231155513496,286.2445620449737,287.15746605481,287.6606547266801,287.0531731661379,287.79278678076935,287.0877238670662,287.0513026257847,286.19645638357423,287.24913655099846,287.35623474185604,287.2390466189093,286.2295,287.2575993131284,287.9248375838615,287.0767441124132,286.8630260783201,286.9512532685601,287.3039471382597,286.8209093795872
1951,286.9197547612852,286.6447925440885,286.22405927226544,287.5904304478325,286.8050743219298,287.1908716205115,287.1400354633109,287.57012869531155,288.55604387899683,287.37488481229883,286.66032594627865,287.7917186584342,287.1459254182164,287.03462634719034,288.2962070645772,286.0543894729928,287.0627499303642,287.52229403329494,287.2995716050755,287.7497205517513,287.25998183232576,287.16234897623343,286.1549300149073,287.3771996937863,287.4287299696336,287.07963046977795,286.38605,287.23102567514536,287.8798253325461,287.1179760300082,286.87406836236283,287.1386230840803,287.38821250709697,286.89730777694314
1952,286.8243832047678,286.66650780651463,286.17108558463445,287.448648082386,286.81410132118265,287.0591815284344,287.2219528624665,287.6274750878524,288.5301358278309,287.19736247333697,286.5710394720212,287.8643693057418,287.31990459818047,287.0884736866355,288.1176709157602,286.2551302022428,287.0460337192454,287.4268412768289,287.1766206428503,287.72060272673644,287.3758828825856,287.1068959755816,285.9852243120483,287.4750128558082,287.3414248862155,287.11842285412087,286.5325,287.3617818231366,287.8489880179811,287.09945175096937,286.87626398839035,287.1960956430023,287.3115760011624,286.9487328741939
1953,286.74767594870946,286.7831921909506,286.0992261642128,287.67711680115207,286.78653377941373,286.96157951308743,287.1107527995676,287.5801784393024,288.4362309812571,287.17104307977854,286.47538212494493,287.9215850337859,287.2349865353813,287.0790602353281,288.1518254558761,286.3185677942002,286.85738526866777,287.4375670616949,287.3508289289852,287.6832161659155,287.38611113179064,287.1717698663511,286.1618402896258,287.30402472736426,287.3237375700692,287.1563655523793,286.41342,287.4017102334587,287.890359630014,287.22395578856305,287.21652993123524,287.0316435160899,287.44997768497865,286.8676001833838
1954,286.7362547779596,286.7803628183614,285.92711858512934,287.78071529586884,286.8419287304244,287.0778470030808,287.0637848426521,287.3269785222963,288.47871465051725,287.25829112146806,286.6260190618692,287.792399160042,287.20090846988506,287.0078936999561,288.1907524729256,285.92963338250684,286.85751495702385,287.5721263540527,287.4783343028883,287.8678858877261,287.3932863776175,287.1557085368335,286.2171988477138,287.23846580900795,287.2210680505476,287.3196475399535,286.29614,287.3340467128335,287.9631182071499,287.361056443913,287.1978999410623,286.96267300445896,287.3128046208975,286.9388314399003
1955,286.74460215980935,286.71607153656595,286.05441287112245,287.7651913296351,286.88481389824,287.2309672643728,287.17513145270993,287.5467321418191,288.64814620339405,287.0834241651391,286.76258396514123,287.92848093683443,287.2173393872622,287.04784710905204,288.1737450869894,286.062613428654,286.9098074126601,287.4585658683999,287.1560130893428,288.11529416161903,287.4469653171651,287.2282728723956,286.24119819966654,287.33016009957987,287.2365959115135,287.2097535368022,286.42407,287.39239701411896,288.0092459985097,287.2033911022755,286.9106994846475,286.85493377137664,287.1200575111025,286.97317765782424
1956,286.8124337854516,286.65663070760826,285.9931795883357,287.5801800760205,286.85272093531523,287.04597889714915,287.07836293217787,287.71859170594945,288.76383823316644,286.97623246174857,286.7709229983429,287.85814567348154,287.084816838468,286.94360291162394,288.16338325984657,286.35170679105823,286.8893332178416,287.63672102707795,287.2880236930945,287.8359641249488,287.3021303120886,287.056725503558,286.0827767936834,287.28880754115545,287.322554318663,287.230764442004,286.4659,287.30794610117954,287.9681758559959,287.1655523289083,286.9735501017392,286.82541411068263,287.13449616879683,286.9885943183
1957,286.8891022855747,286.7014621343955,286.06452778635884,287.74871716614496,286.8573776654918,287.1292022367994,286.966705686764,287.555568400226,288.77162011232,286.90313118034163,286.7334816380874,287.8602631438409,287.2015733717543,287.05835488492454,288.1774054342372,286.0385831399707,286.897391212651,287.5757672231134,287.3384446729853,287.9232800714005,287.3803745291889,287.0358095800961,286.18262514279155,287.1408750094044,287.2450929309342,287.2248982414493,286.5698,287.4368530716499,287.9799988598661,287.1524032236045,287.23203022305967,286.8564236947363,287.15546969870337,286.93685437507025
1958,286.9131344935498,286.8279147015406,285.9027971445637,287.8156994866345,286.81632591988136,287.21613241546214,286.970733331288,287.36029958966566,288.6449327879233,286.9864377806611,286.7601349744704,287.82420499997903,287.3149334259392,287.0273448655733,288.1960349453121,286.0749011819978,286.9386558171899,287.54896134737794,287.3708516671956,287.89424859196095,287.23870532951804,287.1991314336223,286.2114450904872,287.01229494507135,287.27663556246966,287.12995535961284,286.59518,287.4482503206104,287.92869345304354,287.0845570261051,287.15366004813905,286.8424628606995,287.1992951709357,286.9347710521773
1959,286.90119167402673,286.88638623865046,286.00176624159025,287.62214888552234,286.92800438835343,287.14811655299826,287.05946027502625,287.42089661817266,288.51195308268206,287.19790075740923,286.74919787616926,287.79216414491634,287.22362479434406,287.11716491552494,288.2647485106527,286.2926855607918,287.0669365709753,287.69369212069546,287.06827665732334,287.95464777478065,287.44915601289705,287.0041181352756,286.1529822301043,286.8388404877694,287.407317212253,287.2063242318256,286.35355,287.2969704710827,287.9325607027436,287.174540364611,287.2401281338119,286.9311033644013,287.29346646129113,286.80767341386746
1960,287.05490150779286,286.7711888215273,286.22397903850714,287.637061395501,286.9492511142548,287.14715854247737,287.07010073611497,287.3145915787,288.48992456823225,287.2672070312692,286.58872971726487,287.8760003387677,287.29334687378497,287.1814345817789,288.1475673367715,286.2329404400457,287.12541391241007,287.5832090743471,287.2732771414634,287.6604835570929,287.34547840726503,287.058299134055,286.3371967985183,286.94167187170126,287.4832228819142,287.26943793386346,286.44662,287.26975350661405,288.082568742569,287.149275345432,287.2035150154025,287.1192921936876,287.3088448373028,286.68096369907454
1961,286.98518252484774,286.70007325045646,285.9733403662796,287.7407355338493,286.95972699423714,287.0133530229279,287.0846166470417,287.3644384782671,288.5049182489534,287.39864456592954,286.66852019799745,287.8648352352552,287.2263184067148,287.1380300371316,288.12281977894526,286.2397489100116,287.2446980118163,287.55877983437216,287.4021653777748,287.59697362488026,287.22473705716203,287.0527877514906,286.3026406274729,287.12414997981404,287.5144422252679,287.1914182541727,286.45563,287.4387993978617,288.1568125038641,287.308648189068,287.13802265675673,287.1898634229521,287.12996396964496,286.76439364749484
1962,286.6903877864758,286.722320365576,285.86857093153907,287.63703290166694,286.88698524362115,287.0604531657569,287.07455982572003,287.49870138010834,288.7873624412002,287.39398033970554,286.6901408877197,287.7654403966968,287.1074059398761,287.06091388942014,288.1271746396541,286.37698196107686,286.9743457711887,287.5860237659033,287.18482062518905,287.6177846981225,287.3518123198428,286.92836064193017,285.9885939735444,287.1913435473028,287.34423066251696,287.236611990693,286.6802,287.54205432462646,287.8327665539905,287.36410597414306,286.9135541811409,286.9324003986328,287.0420452481612,286.7454953836068
1963,286.6821898412405,286.58491140201807,285.77789578785314,287.45737564784514,286.6694096627502,286.981015742048,286.936672044591,287.5718991105893,288.83977122366747,287.10429982255056,286.6938581668339,287.7174874698731,287.0443455716878,286.8558731684225,287.9297980170074,286.0660189706733,286.7726100319581,287.43797704664064,287.11760433022255,287.59976575980176,287.34485794092905,286.75833386239213,286.27543521889294,287.2599813296916,287.329463650362,287.1597068530104,286.485,287.39491663646606,287.74568911232257,287.2798615843612,286.871667996987,286.7521235989076,286.89559624904325,286.71113821236173
1964,286.60424251158094,286.2860892067714,285.73449420263665,287.28021409089394,286.667506993081,286.9969931862138,286.8367532690891,287.5796638583724,288.36124120635606,286.89561187174826,286.56600615781406,287.4656884858604,287.00168982567806,286.7788991449326,287.8067832094195,285.9955912463706,286.7366607530103,287.3008977503382,287.09891856504913,287.5952030030863,287.2439686499378,286.728512345102,286.00434784708347,287.25640101921977,287.349608019385,287.0840164986261,286.37274,287.17568901486294,287.76357919182766,287.18203799409406,286.92427639824047,286.69879668700764,287.0694148322891,286.7504957655557
1965,286.65431412407185,286.38843180456496,285.7406249464236,287.51061537827565,286.72704423699605,286.9432760987626,286.8524654918995,287.6920359877283,288.2433123680361,286.7844237816917,286.59585143499163,287.46180651750774,287.01087199271143,286.77279660881703,287.79866047842137,286.18532312395115,286.9982120373604,287.4139560826589,286.98428209997314,287.71669690629443,287.2488129209943,286.83683300174573,285.7376010914299,287.0122614655567,287.3470616858625,287.01510623741336,286.41727,287.1748935525996,287.88616600663613,287.18463364703416,286.8812796198633,286.8094242798029,287.08382420448487,286.67155606279346
1966,286.72522242400686,286.6186669232107,285.78185435254727,287.48269996974204,286.7195001628294,286.98115468543665,286.83370434544435,287.5120164670895,288.3179307793029,286.7097446670044,286.6258762780188,287.6165252702857,287.1305912598729,286.7608744001699,288.04380323162553,285.9397850444554,287.06351445625546,287.45487875772375,287.0963028801901,287.7956288020269,286.9748992754569,286.826890491799,286.0866238492534,287.03010894735155,287.4057899478473,286.92636052315464,286.4255,287.3554728638801,287.84165631273555,287.1476346518635,287.0821845412233,286.91411612308286,287.0277330643811,286.58853998303454
1967,286.7691448937134,286.6919815989086,285.83211063844016,287.62811388399206,286.85997031542485,287.0105645580282,286.9699784515108,287.28531986811896,288.5270330011754,286.5571880110871,286.57095185943564,287.561770641763,286.9056900343871,286.8462119948379,287.9085189783471,286.0898247942128,286.90826646552085,287.3062863056729,287.25352331857886,287.4070085046342,287.21123158505725,286.8521433203246,286.2817887964587,287.10186674091386,287.24393200734227,286.92641948254857,286.4435,287.5817218944368,287.97508594169545,287.041155526035,286.847166434224,286.9904402858186,286.89281837780146,286.63241776836435
1968,286.7185194973269,286.6797056155416,285.76946097140205,287.7247503328136,286.84256126429733,286.97326783642694,287.0651372681649,287.51831007300905,288.74486470452945,286.7322226067621,286.5461640027806,287.51867415643994,286.9705402402641,287.02077309959503,288.02672351518646,286.2039194234929,286.9740241031448,287.39063029861313,287.36458742206327,287.3385392652702,287.1745130975488,286.94999626549634,286.1395164483589,287.15591158641683,287.3466936369515,287.08435706301594,286.449,287.61731945532534,288.0519525717853,287.3010967364607,286.76869739351974,287.0230139930288,286.91603282139585,286.7372874600326
1969,286.85513431917786,286.6569932220044,285.9403968150334,287.67918371537195,286.8084189665516,286.9120012676121,286.9455345552005,287.59579055718564,288.38152676563595,286.6987472135468,286.5183608072577,287.5915841685797,287.1891086781455,287.0232296320437,288.0259605861258,286.0324705176034,286.94532146489735,287.4620253526681,287.2473380173084,287.4438269050318,286.90677007427763,286.9377243097316,286.13070668847973,287.08149466177576,287.3685118569503,287.098732899381,286.52524,287.2961548255967,287.96753407063824,287.44074883114274,286.81503736736715,286.93569621349474,286.9508723532751,286.9334979207416
1970,286.9413033325186,286.5965692206885,286.04048192700174,287.7741861960457,286.8037780139495,286.9985134543211,287.02720459429923,287.6831742898916,288.4077390643453,286.7542714043278,286.54041562925204,287.6204400405284,287.28792680862017,286.9584577905068,288.025877046297,286.3290180244155,286.8526849715433,287.3725950622134,287.4685953429794,287.6099826541376,287.1637112714752,287.0581918130077,286.1989753933016,287.06947161817453,287.5308590016536,287.1467273474938,286.3308,287.14647142220184,288.051984565973,287.36438334436144,286.9286457891756,286.8388144229057,287.0630385973993,286.5401226793461
1971,286.7989123385834,286.61892546520534,286.0006375445953,287.81412009679593,286.8625387198064,287.05109779545336,287.0009339608216,287.82372272367854,288.49419442342213,286.7544458494117,286.52361011342714,287.6813481118998,287.33102738238847,286.9267352722828,288.0665585163753,286.4124837252831,286.8291129687132,287.46093854113207,287.41049558777434,287.65857791510456,287.3024294691322,286.946038790766,286.31163246769887,287.02649637231684,287.5986346651528,287.20940766085783,286.36658,287.2052070663142,288.09846707044284,287.09775935872324,286.8526905231156,286.84636478436187,286.9868919357225,286.5115346134094
1972,286.69663779351055,286.8118815950356,285.92178581233094,287.6898759384475,286.67542381398374,286.97162480594386,286.88498239626074,287.6634601653497,288.419868920743,286.9862443926914,286.5461924443776,287.8018405604679,287.36161562302294,287.0213930611084,287.83681123063974,286.1370422337196,286.85041192566484,287.5635477991838,287.28924889639285,287.5787023614515,287.1021371874644,286.9283423798571,286.3659253906465,287.25206331753463,287.4524411377574,287.09876100618897,286.5062,287.5545214423556,288.12145997223377,287.1697731155943,286.76992078511233,286.88036202972893,286.86059997712067,286.4968848633146
1973,286.90961969245217,286.8508040368311,285.8613863772098,287.6304564316034,286.6650293770621,286.969637121454,286.90325249110543,287.51704863901006,288.529279925254,287.0228945293365,286.622085824439,287.64964764833684,287.4336211802616,287.1584826406948,288.0064976591401,286.3248405075531,287.08597509735847,287.5668032483611,287.1838495231636,287.5705808701298,287.3532159938689,286.81999383354355,286.3732112894611,287.3848762550383,287.4248608886563,287.0291245882016,286.65674,287.7914466418443,288.0008495335243,287.1142603789665,286.9851832042853,287.031980525836,286.7781858912591,286.646676663863
1974,286.92483737433344,286.70992852620634,285.95338622662194,287.68065232985845,286.71715732285014,287.1737460222012,286.96501098515904,287.3973704403849,288.59677476796,287.15237356299644,286.56723561458165,287.73443114061746,287.4260979446503,286.9670077753767,288.1237683668885,286.55084022045025,287.2150589414707,287.5814609871411,287.2141918261233,287.6381874653359,287.16808349806735,286.95948186893355,286.3590997508722,287.1869079920615,287.3368174846433,287.0928841130513,286.4028,287.7085453402701,287.89255781345474,287.2524259747218,287.17133966204364,287.03703209464044,287.1049745762621,286.4857570285166
1975,286.864421933802,286.55022522540247,285.9138596592881,287.5572930211409,286.8581526187146,287.1188710506668,287.01173676478294,287.4306978361222,288.7074673214244,287.186871256294,286.6296815472958,287.9351245098807,287.3173906083409,286.9505284407382,288.0957567290208,286.3667284756046,287.16754694463845,287.36714982661005,287.12520874933443,287.33858796585395,287.05444740542754,287.00228136589584,286.4527643999972,287.0740464987728,287.2875903401635,286.9806515133788,286.37808,287.55134152102926,287.95393384683183,287.0966355052515,287.13538566055854,286.8272863093697,287.00657313442696,286.47818298009463
1976,286.9226367907877,286.7045363490861,286.1128987616976,287.7484389654487,286.82712907092287,286.869234415557,286.8634936423087,287.61327325098864,288.51331790242494,287.0946612030191,286.6444033144234,287.8339059397568,287.461160436659,287.0434762249563,288.0130670511723,286.19792850475375,287.1076988214904,287.5558731774387,287.2883032639176,287.52498472433246,287.1402388374001,287.06720111389234,286.44831952824927,287.23573537309574,287.5132438209646,287.05512395700936,286.5379,287.6081103719938,287.9779982235695,287.2759608474234,287.0964438693222,286.74057584619413,286.9019144307528,286.6789925018513
1977,286.9584946345407,286.8288294343742,285.98198518083706,287.52845355656484,286.8157528897472,286.9535801643539,286.7095594874461,287.74983888563605,288.5401388149068,287.19912533587507,286.7470796701824,287.6393996907031,287.5460755699041,287.05920344669306,288.0692459368059,286.47967071680483,287.28771360323594,287.4974216484482,287.52220081007255,287.6400027554204,287.0904564700989,287.15890614552814,286.4245967828505,287.34891469041503,287.52505438833026,287.191149950157,286.5272,287.6094584579582,288.24818909900347,287.3768980137207,287.25646715582286,286.8843163801239,286.9713427593059,286.6739939729271
1978,286.8967324656549,286.745678006985,285.9826128396558,287.61382680530545,286.81801821350524,287.1105058859851,286.7825555352072,287.72983605986394,288.8066881989366,287.2999684511205,286.77163767374486,287.76456041452565,287.4136233881917,287.0505775424349,288.1616996618321,286.4090453893969,287.3449818957113,287.4429427133735,287.4172402833684,287.6270901339699,287.40355815477955,286.9771459115714,286.45953392996927,287.4229140521707,287.54488202155443,287.087988584472,286.4852,287.6300365731758,288.04180488421304,287.1327669790108,287.14540415842765,286.9195382187027,286.92159852110245,286.64428318238856
1979,286.8953216316538,286.6914889897493,286.0937884487036,287.75708536251653,286.95426276951,287.07140462221327,287.02260934733295,287.878035533034,288.7034372088932,287.3779652628384,286.8001695091852,287.83985170308176,287.4187980644722,287.1907406900244,288.04566127927177,286.3089577554196,287.07125919584206,287.43990335015826,287.3924916983486,287.6516669901525,287.3698504556245,287.20046512942145,286.5484636563696,287.2475189752666,287.5241630289783,287.2141032957988,286.55875,287.7929766389328,288.02839337662,287.3773810772661,287.0890287098309,287.0572002884383,286.9929284762561,286.7462561699161
1980,287.0035227208204,286.6424165844998,286.0837970796898,287.68970440036486,286.9248991628885,287.0661106093364,287.11680593583657,287.92746780179215,288.50474274498646,287.1756482464264,286.7984689893432,287.86987662434075,287.5910409585129,287.0479035785529,288.07515474211414,286.5177727027903,287.1684580478864,287.7063662969546,287.4406900785469,287.743741544392,287.50256700606883,287.0544836288687,286.4063163145888,287.2069340054182,287.7191841032071,287.34263315802184,286.71246,287.7320435335876,288.16135683734007,287.3063366937341,287.0977397060554,287.2416416335428,286.9049084879968,286.7277432378888
1981,287.0430618274053,286.81476759508314,285.9027263846656,287.7350211166445,286.90542274920534,287.1711933087659,286.9809753230009,287.9434123537738,288.51250012812864,287.1732109489509,286.7138467328694,287.9444597106021,287.76814528332017,287.11767482089914,288.27079538205226,286.4797780312095,287.23332712909473,287.6404720454008,287.38749494638233,287.77357137569004,287.49096457288863,287.12870459708586,286.5352418296052,287.49099020380777,287.64561644333384,287.4712345708629,286.6107,287.6344731480306,288.2292184272617,287.3845122858807,287.22730999405366,287.17530998639165,287.0556220925999,286.8123663133367
1982,286.9865991310964,286.90336920406105,286.05588762818155,287.72541740514976,286.91303698794667,287.2804184443755,286.8790178550464,287.8601189679282,288.7565280939748,287.0747165456464,286.73647787111275,287.9955734770502,287.4473498054092,287.0696202730117,288.2726935193052,286.39965263257454,287.4014050278839,287.5778825921039,287.4010877700852,287.82750924703106,287.4112894968379,287.3354763690932,286.51819745526024,287.3171279814581,287.57037769722746,287.23605060336524,286.33698,287.78472722960515,288.06033804516983,287.2774185347604,287.12742410135047,287.1082181657482,286.99856469815444,286.8034631413558
1983,286.8634980477891,286.6460764371364,285.9866463114984,287.7618736991049,286.52750169017946,287.0827537706627,286.97538186065367,287.888116351748,288.7187794512082,286.9027319224616,286.42049921179347,287.851266326465,287.4114609591958,286.9840052330782,288.1547350898234,286.468410424351,287.31216613780293,287.4481264125828,287.3895906755796,287.8862820175352,287.06250785243685,287.01702122057185,286.4024020944111,287.1146033880946,287.4681960918196,287.19322779733443,286.19034,287.89146498198124,287.967067923467,287.2878315189144,286.9211653458882,286.99844194082414,286.6206906535378,286.50599663197016
1984,287.1546267838258,286.55673883406854,285.9963687639355,287.91455229626325,286.8032401360968,286.98467094187555,287.0224482783372,287.8609766682824,288.91306376591405,286.8966351605325,286.4729429728926,287.74639462878173,287.4814362049179,287.11148707606804,288.16550469291496,286.4388474811979,287.2497439463304,287.4796984494881,287.226588091199,287.72946113507135,287.1113428000072,286.98304301717826,286.3204850235852,287.24389169821546,287.5505956098699,287.31815816246524,286.34882,287.7862814484644,288.1398402043472,287.30524063271804,287.0062972497399,287.25092536350934,286.9098966038639,286.8038162142797
1985,287.1639520654314,286.6419383345561,285.9413880189862,287.76331664308105,286.91745086472173,287.389030716888,286.8889008944574,287.79011497546435,288.7285807746194,287.0852832066334,286.59285134546025,287.67721566147566,287.55829697654264,287.20908041506635,288.00380633648393,286.2514604397035,287.268513038277,287.4891951556328,287.153060813479,287.7148730612336,287.3955265372038,287.243118519098,286.5058940283269,287.23005230353345,287.6497880043015,287.27766124630915,286.2523,287.7102021812563,288.3361301856042,287.35746717607424,287.2711533802941,287.3132945037394,286.88099524195974,286.934538478588
1986,287.0451865906727,286.80662848319224,286.18545747228126,287.9062718406811,286.94653381286093,287.2356632223085,286.8894394084761,287.7451804935252,288.5536947460819,287.0443364590812,286.6614835279288,287.8476907315103,287.4924201079792,287.3340021093523,288.1301457588657,286.47468120946854,287.2847580077606,287.4319004913692,287.50597386969974,287.79655146409,287.1063442998522,287.20673520389226,286.5093310466376,287.1788974440846,287.73978355642424,287.4071233746248,286.55786,287.74100059804147,288.09563239491484,287.400536164951,287.2313918532869,287.2625236105915,286.9606186013498,286.9102826049471
1987,287.2087817008855,286.8318198631493,286.4006063705105,287.99117125992865,286.9189971548224,287.19997011846925,287.03728402325027,287.95608481641835,288.70236497728115,286.889378072578,286.616152951586,288.0478144882181,287.4843437041108,287.0657229860827,288.177165765568,286.5920559178413,287.4620046827924,287.686780367748,287.51014106206054,287.60349335395966,287.2794705383355,287.15482900314083,286.66319338253186,287.3015160305641,287.67644721643546,287.4634295305913,286.8019,287.77593134123384,288.23010174558647,287.50328083278845,287.4198835170121,287.14852031989204,286.9893022618522,286.8994060770051
1988,287.27136438270225,286.77132666322177,286.267083472269,287.97620859880664,286.9985786955909,287.26533648869616,287.1652113800291,287.9999432428706,288.7402315517404,287.03088970755465,286.7390652818188,288.1678785709291,287.5236060556318,287.0700430841552,288.2708831386249,286.4036839157405,287.46988282500274,287.730232300862,287.3733254639829,287.67185825495454,287.36767904608195,287.3691176185029,286.85299791704387,287.5513021690765,287.6422258139984,287.5950885110106,287.01285,287.7801694416933,288.3258873626234,287.3737180153662,287.26062990449134,287.1204432806712,287.1770146525367,286.997010559664
1989,287.3939461299117,286.88455985144924,286.25009420204776,287.97343278159445,287.08490504437253,287.15123921402346,287.2176670051577,287.9779379034815,288.7047786959317,287.28012052491323,286.8569850390381,288.31952905146363,287.7014575816051,287.23660688532976,288.3553080626718,286.5743138130762,287.3835062768898,287.6962102044712,287.55099011551494,287.85009972741574,287.3089387311816,287.28425898041934,286.7212187735219,287.5205974258757,287.6505593190429,287.4930444129033,287.15732,287.89559906808967,288.33258779261547,287.6089808812124,287.443713867223,287.26688441691647,287.2656081008591,286.8983330201581
1990,287.550126592088,287.1471524718691,286.2033569914852,288.03159099690487,287.24946892825056,287.2335823994844,287.251658906416,287.9812714735688,288.7936591870504,287.8252332206058,286.8527520149217,287.9352635317803,287.8542630423651,287.3386002039164,288.26137467295536,286.819368395895,287.49555900215626,287.83016242897094,287.6576735169703,287.9178041372961,287.30249895614253,287.4131250069747,286.81918087245606,287.460124974236,287.710043393991,287.5894004423913,286.7357,287.94489017087375,288.41544256105306,287.6446603308587,287.5383363934798,287.41034132276826,287.3847098883194,287.01041622385554
1991,287.411216897588,287.1454530699005,286.3020731333233,288.05975400429446,287.17865363759495,287.2938396252899,287.1465528143074,288.1796670502092,288.69705498519426,287.52878639498766,286.9896394464644,287.9103549169369,287.9078420075956,287.27583536336584,288.1443314190733,286.5509560238327,287.52463050921466,287.91125871780406,287.5672601234021,288.0152818422654,287.37726575800747,287.28775497225223,286.92093623116574,287.3487004864722,287.6542198739751,287.5240221978293,286.64957,287.8208486279861,288.5390228918615,287.47595209686614,287.5036130397329,287.3646951094211,287.27299940238106,287.10901025028755
1992,287.1942178756866,286.48218259465665,286.0775265452484,287.79525071424337,286.7830726077255,286.9829268310962,286.89037248660344,287.7203796267495,288.5517330133109,287.12842409159725,286.5999376813594,287.9234161639669,287.4586422315772,286.8974793556086,287.898877878739,286.35690071057365,287.29811962839443,287.39499638140137,287.2683920022204,287.7161728649923,287.2737445232024,286.9451433270246,286.2872942036685,287.33615004426014,287.427596487993,287.324850514138,286.55652,287.6300619950275,288.02691511574653,287.31436585153733,287.0516019628085,287.1357213201599,286.8220934433526,286.87570030046163
1993,287.0884310395876,286.5610823112679,285.9977718133134,287.90853053014075,286.7093396385461,287.1685936203341,287.0490244099108,287.6160867702869,288.74450018397647,287.2318453916324,286.4923750891357,287.8723111553672,287.3974981939337,287.00990555417275,288.0151287962293,286.70799328024594,287.16184939993946,287.5232745377064,287.2104123307978,287.56840265219085,287.2544334524848,287.1776450325876,286.5805406893175,287.3938952938441,287.40204330174544,287.38672086609733,286.60144,287.56427697880986,288.05017679455307,287.3185426911769,287.2683093866745,287.2649349152818,286.9077466228216,286.93112803406467
1994,287.17203692132887,286.8095318295178,286.06644935137155,287.84600192209126,286.9366537796703,287.291959526128,287.1523044005538,287.6191836588225,288.8708350904907,287.50268172667376,286.7064799636335,287.89962244519205,287.6492638157247,287.14341696932627,288.2366439335343,286.75840445135253,287.3997112024968,287.73490133608834,287.3925577859388,287.7122408814552,287.28655511325286,287.42651787285945,286.4690161980332,287.4653342460258,287.59369508774324,287.5102573330907,286.66635,287.503214003565,288.2627092105656,287.5606898713035,287.2893459273936,287.24370681341367,287.12053179173296,286.8183315072701
1995,287.2984545298048,286.79272270793894,286.1602579855142,287.88264331926973,287.0487517365099,287.2642813614812,287.1513402652179,287.74094400657424,288.5854144140296,287.46977828574444,286.80432131338705,287.9231373929225,287.714617462019,287.183667949884,288.3353371259072,286.64938715489706,287.5029016965971,287.6393443673478,287.43677615517487,287.8185954207318,287.48524744672085,287.28103903105125,286.66106068710627,287.4530127897162,287.64186353335185,287.4741134741396,286.87558,287.5411301934648,288.43800137557326,287.68791832541905,287.4205280260782,287.1254063806829,287.109626494073,286.903659503025
1996,287.4278244783009,286.8738430134586,286.30625296126544,287.95282798866145,287.14135890865936,287.1938671578933,287.2041824120061,287.76572316802464,288.51634629133366,287.5356076287913,286.92568699643,288.0828050639896,287.82334587085734,287.36759434858755,288.18823794675683,286.8271618852095,287.59412862630387,287.83497123729563,287.5023199745813,287.98968616627093,287.4254657961938,287.243497469968,286.7468283097451,287.47949786648707,287.6408444765581,287.5777962241231,286.9673,287.71841574212766,288.33331681132154,287.7980967879584,287.4407295098955,287.42368715996366,287.28345414394727,286.8573230733652
1997,287.42077782118366,286.9554277962537,286.4253790372587,287.86549768139884,287.23310051694244,287.3486082206752,287.35962939656184,287.9502019904804,288.66500774406603,287.42257897829376,286.95919691377514,288.2777221552821,287.97227914289124,287.23219378389894,288.4378363366122,286.8714443910174,287.68928781159565,288.0034850460833,287.61201697310656,288.1330797457893,287.4678566782458,287.4584299982317,286.6651050434293,287.57006758321825,287.534176941717,287.63700548542164,286.8928,287.9572832224489,288.42773989526773,287.5670153183392,287.6163861352757,287.55625673366643,287.3035096344722,286.8926007091405
1998,287.38427078292904,287.0101197931294,286.4459881486714,287.900924043068,287.21654655589055,287.5421477583839,287.329835430188,287.93289479227764,288.697714209774,287.11318089947594,287.0193690966033,288.40825468304286,288.03484862285666,287.28991159784715,288.3682683682698,286.83563076384183,287.7850645222116,287.90805641695835,287.66172204521064,288.1502724836558,287.5973268000394,287.5437896468709,286.80643949018094,287.55837880636807,287.6575446783076,287.5912694422864,286.7932,288.04138489258355,288.57286097340125,287.71454282435667,287.7220659430902,287.52607078893266,287.4401414806761,287.0437817631543
1999,287.5078184151769,287.0505669534801,286.3009626033647,288.05601387732463,287.28916564285163,287.4399180807632,287.35284003155675,287.99836167126347,289.0882713089972,286.9665972075232,287.04461072151724,288.3955537934041,287.8966153573227,287.40261582333875,288.35230119086617,286.84797541372217,287.8546313428171,287.9888306708611,287.5262755453396,288.26574687894794,287.36567050348657,287.51872852435247,286.80981916309827,287.6441736321014,287.7084272972001,287.67830841792096,286.88528,287.9711300271014,288.5542773053624,287.67344772593043,287.68235040361697,287.5114941608359,287.5603047083279,287.02878486485207
2000,287.61255154629646,287.16352741867763,286.5511887472739,288.08741397252084,287.339596318813,287.5861238116911,287.34013033187307,287.99452776097826,288.99399954960035,286.9960056257512,287.0659537530469,288.4253410168911,287.8721474004037,287.55820745883165,288.53215427286995,286.7994104817028,287.8570106925357,288.0462271978038,287.5436369532481,288.40185291669474,287.5025792959198,287.61506848923966,286.85808878055786,287.84636032233,287.7969875408093,287.7134530527203,286.98013,287.964002398784,288.4475294328477,287.90334542477456,287.69910881744505,287.47657862464456,287.4842115975178,287.03767076795333
2001,287.6406265587564,287.2863347278804,286.6273131807447,288.2806445787989,287.3281256864976,287.5747767952424,287.3202921781081,288.2379543843231,288.91332112165816,287.30851591975653,287.0858258653575,288.57973924588106,288.0882542676936,287.4451763641654,288.64009740497727,286.8944097932717,287.9160782092449,288.01712617927143,287.5283973884295,288.2878941009305,287.8176258755236,287.3407952879812,286.94635172864145,288.04542774766924,287.86920711572424,287.73894749892173,286.88272,288.3262489892514,288.51456852059124,287.9193882491573,287.71803469480045,287.49918187861346,287.4036726599897,287.2714243390748
2002,287.46575736831045,287.2354248942101,286.5648459825208,288.14333052449666,287.1838100803488,287.44837843162816,287.3565217346632,288.49443969009354,288.8739190304296,287.45541943327504,287.1853028541454,288.5613116724882,287.98234974279467,287.436271617352,288.6662187980681,287.0870484576243,287.909958375616,288.21518980241524,287.68415447006475,287.9254601041428,287.7604868391184,287.55423499102454,286.79098478625014,288.02921417920874,287.8911481280938,287.8404826906825,286.79013,288.2794997261398,288.7332848499698,287.8901566769068,287.8938604777035,287.53459709559377,287.5559020484464,287.2636514035419
2003,287.53359544885745,287.1676593024865,286.57542227232994,288.245883828266,287.33109218582706,287.57200222035067,287.39716861767545,288.4400260651352,289.0627276133172,287.6498501641981,287.22351765854927,288.4436046556096,288.1051389005084,287.612762481896,288.5616381471827,286.9321294506353,287.9383184953679,288.1659815942174,287.7532083811064,288.0328476086771,287.49469071998766,287.7141545732252,287.0280329938568,287.99050817855425,287.8340417286038,287.9226398719942,286.88562,288.0816387326151,288.571837034216,288.00662690951253,287.97647559896944,287.67905807881505,287.5979135448368,287.330970580139
2004,287.5988251985231,287.25191909989894,286.7332780973798,288.1816421482437,287.43009955345366,287.64487171672545,287.5255508079659,288.2802922947188,289.2248119038514,287.87601157061874,287.2030551084244,288.4960518720817,288.1422942080515,287.4544429249682,288.5858092150615,287.089216599808,287.8852185383809,288.24928783741666,287.76747040318634,288.11442335408645,287.8879021565978,287.5817477906212,287.06506843188043,287.90790086784347,287.7967048210801,287.8982684680022,286.8843,288.01990782103115,288.55016759892493,288.0281416303099,287.946254238605,287.6242576840455,287.5694877405562,287.39348630266693
2005,287.7755416653281,287.18920105852465,286.70589831659885,288.21613650578723,287.37273844906207,287.8038109481756,287.6448962377052,288.3065883340722,289.01796367183687,287.9340057154308,287.1999810957554,288.4508140221366,288.028996763778,287.5436732936229,288.5196843851652,287.0990322065465,287.91105110907256,288.2341536644998,287.7798989445019,288.04021080073124,287.8785202678127,287.5452961018627,287.08408859029186,287.8228918522757,287.85701232917626,287.8597891955428,287.17618,288.0427829844433,288.7337801276711,287.8766749613264,288.0707557843036,287.50859931206844,287.594796522696,287.39567052747844
2006,287.70963829310364,287.10148540335894,286.72697610132155,288.16560393480387,287.33604954079544,287.72591098429217,287.53142057605714,288.4241536495806,288.8991582146303,287.64933745888374,287.2209339411136,288.589494264121,288.09468962554126,287.54955117999685,288.62182748259823,286.78837049043466,287.74582563908564,288.2437130730621,287.795550492868,288.0783223481623,287.58739099917204,287.60663096213403,286.9739693217759,287.7991907560645,287.9444759721894,287.89667027113194,287.1931,288.2687323894669,288.82116110402046,287.96292859149713,288.076318845553,287.52261009864907,287.6616255120687,287.3787159605364
2007,287.7031793891084,287.1560407554162,286.7686122257006,288.2196140263682,287.320172374322,287.6837403972968,287.6292947203737,288.58234478259783,288.9756559094678,287.4221183244426,287.198735192115,288.5362992189243,288.1866824531837,287.39423517162936,288.5713068828586,287.0389574434876,287.7930121069893,288.2160415439882,287.76266746070166,288.28629806431894,287.8895684096278,287.84552546382844,286.959153259832,287.99684655296056,287.9653852611495,287.95044928827593,286.93417,288.37756184855465,288.5977602958878,288.12692494564754,288.1125609780862,287.61037646325275,287.6139631220721,287.52877025783744
2008,287.6317675656469,287.2402784261147,286.7655962933677,287.9564942072404,287.34407636690554,287.7905806620745,287.6621991255254,288.65371430732927,289.27870195045074,287.35342610064805,287.1725548592426,288.5968345748733,288.0164434353121,287.5614953522924,288.57626339258405,287.2918034447313,287.92338665101573,288.1940081086923,287.62600666091726,288.4278165816904,287.9460578705782,287.68772541667096,287.2148697245083,288.0041596006424,288.1303557923709,287.9296108343335,287.0204,288.4898965971205,288.57967576370453,288.12451251862814,288.1645381313955,287.7509536987606,287.7177872559863,287.5980967773348
2009,287.6309202104857,287.3417876489925,286.6177622526212,288.0785265655481,287.42068179477315,287.6720780183295,287.71099109725657,288.5920787865798,289.30570241582313,287.5166125501618,287.1912020841016,288.6154734248972,287.9979850218362,287.4952672735284,288.5438560808141,286.8080600520645,288.0945964120751,288.2810453340296,287.63088520384173,288.36538605037,287.58180038271155,287.71827581455125,287.2095608769414,287.9190799488152,288.1835697785968,287.95123394162243,287.43698,288.2536514168497,288.5986799047003,288.16788947818645,288.22729496487415,287.61390578209284,287.69774184021225,287.55060464594527
2010,287.75098651784566,287.24609259369333,286.7780780974278,288.2540639347049,287.4974690393464,287.57628469224386,287.9279303459416,288.44416333257305,288.9866774629126,287.53465095393346,287.139883145166,288.5995651569992,288.11361280443583,287.67611741563496,288.57316802825454,286.9251899248997,288.39166615248257,288.20356758538145,287.6134613427834,288.37612005225054,287.94035484718376,287.8261166701648,287.1259243409477,287.97796673430764,288.0083742712822,287.99069327175204,287.48654,288.2206265174144,288.6960766601962,288.1860388682629,288.2430401375881,287.6321387171857,287.6629037695328,287.79928791038725
2011,287.7494779633451,287.2644194531311,286.90812358701635,288.3129234981872,287.43410665603307,287.61437052034745,287.99275930502245,288.5387456628876,288.9746714875986,287.49592332303524,287.1042383700603,288.7198142534837,288.2120083731597,287.7972659790547,288.6516787574865,287.10997006487577,288.2432945321789,288.25889165637506,287.6832004956556,288.48176276332555,288.1407583630175,287.7287229282444,287.2967033275941,288.1931491602347,288.1099197699894,288.1118537049292,287.11026,288.3715028392832,288.6403464147997,287.9855669468504,288.20404890394224,287.7066026982958,287.947314050553,287.6648506329844
2012,287.6614718042085,287.43872657009047,286.80541644495,288.3262210116017,287.4336546283982,287.7425136306206,287.8767659477173,288.66849689908514,289.09311185744593,287.6068695642679,287.1456143855084,288.90931090722603,288.2772435725595,287.9329722525049,288.69686321154813,287.02119450823267,288.0897080059961,288.30587883663367,287.77345526160457,288.37897208486964,288.0917450139198,287.8544677220047,287.37629411315936,288.21381254132984,288.1725477970851,288.0719719994912,287.35507,288.4659687653996,288.6628415831267,288.1006371951437,288.3008962829922,287.6540073001199,288.0097277969823,287.7436456955437
2013,287.5849205877109,287.54545721003984,286.82588809019524,288.204413544289,287.5051574850648,287.78406322142234,287.8343529736395,288.6189300263749,289.44775926299627,287.8325385730265,287.1785125398416,288.84513267528445,288.178856200458,287.64940073864483,288.7531134110932,287.1112839593257,288.3084519781351,288.1957801892277,287.8743492311133,288.4892391339974,288.0727419730478,287.7523072032098,287.332532951936,288.05822390933287,288.16769730651697,288.04091042508475,287.32642,288.3041130014732,288.78088940569984,288.0698178015808,288.4001958652501,287.568158204164,288.06054279953065,287.72469124879365
2014,287.7284925749988,287.2757727789199,286.9385815198551,288.2707194320851,287.4321307894639,287.7853045639418,287.87281523320627,288.5435553467233,289.32665494391006,287.9899858373912,287.1933055627877,288.85559240324886,288.28817622217,287.8688607920239,288.80447626300435,287.18405005699304,288.3749404586418,288.32295143501074,287.74821526824127,288.67387015919275,288.1221566996456,287.83385049098405,287.38507626465827,288.10095921059497,288.1385070173447,288.17551774276177,287.2013,288.2214663293769,288.8390385288491,288.09619855207166,288.3670105431105,287.63072441785795,287.8781512770375,287.63212692969904
2015,287.8139569757424,287.3087104284568,286.967079664338,288.42458623676566,287.4163512278928,287.9893658276357,287.88415566336704,288.63822007236314,288.9652987977675,288.0546666782687,287.2919438491355,288.90020834925946,288.2959704793978,287.94492691684644,288.8042097063616,287.0075888163269,288.25350112396706,288.1812323166542,287.80624857068364,288.440272692297,287.97265130624265,288.120778485352,287.2831791084415,288.24622971744594,288.0413680404028,288.25484741823243,287.14053,288.08483069046406,288.826564480865,288.083780636684,288.46039397689225,287.7208464811606,288.0919939899923,
2016,287.9212037626564,287.4921036543945,286.92959024424664,288.45393233973647,287.4051965920342,288.0400078643494,288.0219325290131,288.8609963414549,288.9024642050903,288.01849145919715,287.30226513578816,288.9715930280418,288.4192692411768,287.84309034376014,288.8499086729601,287.1155404679633,288.28487135353487,288.55561074038064,287.86759430401315,288.43276964494413,288.0348642243093,287.9990550168222,287.1610613467456,288.31431876355254,288.0314781182006,288.30927956978684,287.2197,288.21210637368137,288.89631839673274,288.2251636277976,288.4079369701669,287.8515344696203,287.99591034621926,
2017,287.8986530927669,287.6582182242621,286.85154172079154,288.2454436285292,287.4657065249708,288.1169745194836,288.08235385793824,288.804083862243,289.1434456884054,287.9393561080302,287.1820947534825,288.7599897154866,288.4602069387638,288.02260529858626,288.86123095755977,287.1182974621045,288.4393960964729,288.5107647846513,287.76361860276467,288.5179059523405,288.2094105669756,287.87505303347854,287.16542306219594,288.3361527382268,288.0742986205748,288.4642482823571,287.59674,288.34525271745207,289.16302545716,288.2611531348735,288.5433581081051,287.7737395917634,288.0571687484869,
2018,287.9601794855395,287.73879822878786,286.9525630055102,288.4332182133307,287.4328766654225,287.8761828239482,287.8493721188128,288.2048192499519,289.3834991315104,287.8665909236712,287.2509596884367,288.6239528670536,288.55147794133336,288.0413334833782,288.9472416132409,287.2143078059715,288.3412636104805,288.60344609561986,287.86120356619847,288.6500809224312,288.14438613920987,288.1497158974398,287.1165966026371,288.3837575423757,288.2289759799299,288.42843744247904,287.53915,288.35479981806594,289.2509402210872,288.3873201945358,288.5922954753699,287.6584191800644,288.13010791567666,
2019,288.08832294532243,287.72467769131794,286.95087346361726,288.5032934624918,287.5092211808178,287.872459206066,287.81424891414355,288.1724625988297,289.16579335994703,288.0351636317928,287.3850521320649,288.8383760020281,288.57134620474704,287.993439248092,288.8760939822781,287.4424124845661,288.3474160590072,288.5258997184752,287.9186863322841,288.7183943464174,287.9766461999106,287.9477997458036,287.2869092544313,288.0950323537005,288.40614347344564,288.53933182173165,287.47006,288.07054722728674,289.1878468030631,288.3658371249259,288.7343315140316,287.54695438819806,288.16629551212606,
2020,288.08681438095704,287.4729813264391,286.98441856593035,288.27881082234063,287.58055047090846,287.9501807515569,288.0098059349708,288.0863215688183,289.0850925039745,288.1150517388836,287.40604709214347,288.875139823054,288.5992218571223,288.03968415932496,288.99099451682645,287.3988349108865,288.66800348140293,288.37537070167167,288.011063142077,288.641667008944,288.1570546746684,288.05838578265184,287.2669592843012,288.112399013937,288.3101144800362,288.597658652362,287.53894,287.91966305838724,289.0813405281401,288.2497354339576,288.443317472316,287.7100729452565,288.2461813247365,288.2781427218373
2021,288.11785504663777,287.53602016650206,287.0897907377357,288.4761930073916,287.5653293243715,288.1231607480369,288.139132130935,288.5377991172075,289.0955207471781,287.99934510786096,287.5285300699375,288.64110606561366,288.4017608176411,288.12787589484464,289.02302624265,287.2352638732289,288.56692440962473,288.29726760244,288.1007845068205,288.6127959651527,288.22743348390696,288.17248987823194,287.4536008377795,288.38946171052413,288.36401176326643,288.71018865021915,287.5587,288.1468900060673,289.2306178991164,288.4054326412706,288.44219852672575,288.0098473398121,288.42049070291097,288.2652527031207
2022,288.10753210546875,287.7258884057736,287.17374709088267,288.4585527062069,287.6496106211114,288.39242558046993,288.22356296131244,288.7209670307913,289.2770395184156,287.96742958983344,287.5658743337985,288.6289847171804,288.3607896316482,288.2783886135823,288.9970969645858,287.54207169389827,288.5803341578702,288.4335288047543,288.0050919724365,288.7164523559813,288.2036101703207,288.3141053258241,287.2859791968804,288.396521419452,288.3783986632258,288.8188133824114,287.41348,288.43078966073944,289.33319474644827,288.555971804432,288.53781196704614,287.86917933589774,288.3048283902392,288.3618724054747
2023,288.09449062324705,287.8147251616596,287.1884309177242,288.27788417060634,287.6069821045524,288.2867877419276,288.2718485240371,288.6542252815604,289.41505276845555,287.939500374263,287.48494990904175,288.99216632728525,288.49423175652777,288.254404099858,289.0994838511608,287.61880885187,288.6748874093548,288.46986585606834,287.8662114634496,288.4131433845541,288.45663122498394,287.9930470663941,287.4235129753772,288.3003920376165,288.3009099084759,288.8033441538728,287.46683,288.37846217829286,289.3699995421132,288.5500903019744,288.6634663467641,287.8477514451634,288.37279984107744,288.2842360974895
2024,287.9524481080568,287.73326438119824,287.19532657235743,288.4395278273521,287.8846787204528,288.2425853321782,288.3076825450338,288.69945170916645,289.6101081269184,287.6835628110711,287.5815575591397,288.9583918763651,288.581368153828,288.2850017483761,288.96993595017915,287.33685542424905,288.75948047403153,288.632948027748,287.97047905229573,288.28361801925104,288.4243383374439,288.17711976342804,287.4834740570505,288.38185141971394,288.42611498264296,288.8294589012205,287.70035,288.2689161439216,289.25634093814546,288.52175419102514,288.71786228676547,288.0721291289015,288.4511720552171,288.22697205227314
2025,288.07410965242366,287.73256628795804,287.31914620607506,288.5655087972951,287.8278072373692,288.2510554925902,288.399037588285,288.6223161703145,289.2881236860593,287.711957751397,287.51986110409325,288.6064313942562,288.6731748253813,288.3533633912373,288.9929675932373,287.58962576294493,288.9953354768259,288.48194549817754,288.0368103037284,288.2895235656304,288.53723694799515,288.21246549031844,287.3225311016054,288.54429914192315,288.3764047377047,288.95047006112577,287.76242,288.39106879356655,289.37613835283344,288.4669248937096,288.7967253910391,287.9115726539705,288.48976500981274,
2026,288.22540258827905,287.8484342929483,287.40660442111107,288.74142039468376,287.8400884875068,288.2876094251918,288.33066364731417,288.6713797770514,289.3257120270531,287.7804555738816,287.5183920463595,288.76629242635266,288.43364052348824,288.3735570154602,289.1261579153914,287.6402925949867,289.1364296912209,288.5589761353267,287.949783674558,288.27918721282566,288.6930209293023,288.2647472027336,287.5562503504194,288.5441765830879,288.2073037385403,288.9564093412062,287.8693,288.5768176627441,289.55260609866303,288.50812992935874,288.78662562333136,287.89067023903027,288.30838728423817,
2027,288.23208249608314,287.7568495650357,287.3186681722829,288.5010657141223,287.84980107685936,288.3110763538665,288.5078479557845,288.8711477785512,289.4797252447674,287.865219305161,287.5490183734566,289.0935391123535,288.59226032723944,288.51871368279967,289.16255298146376,287.38218134561623,289.0533520410904,288.55155438341984,288.0956457141051,288.3591857550681,288.4513801294322,288.06829492287693,287.621621790839,288.4940639371959,288.31427951583737,288.9726962910221,287.74017,288.5933762143057,289.5126769257658,288.54124933761216,288.76171947503553,287.8975724558623,288.3162747326947,
2028,288.2858449322161,287.73575654579025,287.2970831747773,288.6370515954854,287.79866704598953,288.28241549694263,288.33457657480284,288.946073514014,289.74146228442095,288.02869155142275,287.64854551093566,288.9954429709572,288.6617545282793,288.51073950071054,289.27660753871857,287.533082302884,289.00101105277906,288.4916637768253,287.95540251783046,288.6827657873385,288.3028758148397,288.1726715446776,287.475622865071,288.7049926374186,288.3402124622806,289.004830043498,287.67343,288.3088421147924,289.6000369425736,288.5315192470913,288.81434862762103,288.0748146910737,288.22532310829155,
2029,288.2422001585652,287.7388354532464,287.44167457025986,288.60819630205134,287.8584040914116,288.3904906244796,288.5193180649072,288.88465791976387,289.83068073698234,288.1059997007684,287.6046216671136,288.87054022370546,288.7084983665477,288.47813166874136,289.2586048152836,287.733883886478,288.8378120886172,288.5723524037763,287.88124107153993,288.7222413974235,288.6981219002598,288.208821545813,287.6222485738119,288.7263757674787,288.5507187583592,288.9381542264172,287.74008,288.4379705675429,289.6747194834739,288.629001168492,288.92009727598014,288.0526260746762,288.3794180882487,
2030,288.2921924366298,287.896386151978,287.5119006479517,288.4704976788399,287.86021498000235,288.18416252874226,288.7071719853788,288.7514950294167,289.43897240734515,288.2445964687642,287.7267971600773,288.8816876688204,288.757294074071,288.4164212549312,289.2503018085667,287.5633009641498,288.8594043041114,288.5222535957422,287.83521536865373,288.7695865812892,288.79560635305137,288.2158421769262,287.6600658190615,288.53223848283886,288.42188062278245,288.98155231331083,287.63297,288.4112573129032,289.60437468510275,288.65416516562766,288.7660738036223,288.1360681768906,288.3460502114789,
2031,288.3843117123007,287.7972103509013,287.35060633218114,288.6867875271185,287.85689238058507,288.34793225280504,288.5477019010836,288.7597393502928,289.4555019234984,288.11322962067027,287.784836474794,289.0458999258614,288.640510648926,288.5579414019126,289.2514688096431,287.6613078406809,288.9939736381256,288.5098972031544,288.1821880810334,288.7644608392864,288.6159979276054,288.3331605892374,287.7569011387652,288.6060235764527,288.3672404325103,289.05163573491524,287.80554,288.87030546765624,289.4322019250526,288.617504751931,288.73897467464366,288.274546177242,288.4636274567767,
2032,288.3759527006956,287.8259172819708,287.33640927145467,288.65905946504614,287.8981206533965,288.4189252008268,288.60478491608256,288.9381956838002,289.70811667671984,288.1473652586312,287.6989147255751,289.2474010023387,288.61801879193035,288.42715176884434,289.2272218836855,287.6172525611231,288.9589801111515,288.7319275273106,288.21371735901465,288.77759805441536,288.31025873644273,288.35511578937763,287.7145733932386,288.74059526843985,288.5332698153795,289.05659663401144,288.1032,288.92675517924255,289.5732010082077,288.73326260307306,288.84267262194817,287.99983210165755,288.3973834516762,
2033,288.32833643431235,287.70418697517545,287.3199686108671,288.4756080979178,287.8211433683676,288.3403272225433,288.712965855204,289.047809008118,289.9486240191966,288.18640711379635,287.7750536827387,288.99006715936395,288.92395527230616,288.60094585044266,289.19337083940485,287.91790969424824,289.0751660516653,288.7589781988114,288.1003664074054,288.5173260794375,288.4321945727415,288.2040386677998,287.75847159958306,288.6881604295385,288.54035786127935,288.98998027977825,287.9517,288.6419554139433,289.7432633326592,288.6657603414392,288.84902080314004,288.05415248686285,288.43342561172574,
2034,288.500138886515,287.7966847172654,287.4738603582607,288.6372082537793,287.9595726638685,288.442811759548,288.6253993758491,289.0998616765873,289.81943516178865,288.0637250896329,287.82001508683464,289.03369786398974,288.82965709821354,288.6901894911002,289.21816861259794,287.6890489060634,289.28112822609626,288.78067828677246,287.9116185472341,288.7317625149022,288.2892458725329,288.1876921621976,287.94223535729947,288.8581823332028,288.62896841038327,289.05411812690073,287.92703,288.5755849141663,289.6133986415709,288.56869060712205,288.85924583270224,288.1421316760225,288.39477128866275,
2035,288.5430279728498,287.93657956136883,287.5162333942164,288.82070796576795,287.97015265698843,288.46794867535965,288.65457496030143,289.21543842988734,289.5578779666876,287.90651901758366,287.8157794010233,289.16309681900583,288.67540674198074,288.6975051687499,289.4044974008102,287.66238835796395,289.27159379854066,288.76632542465643,287.9626612929871,288.89570948796995,288.172273050387,288.27009385662313,287.88979801831914,288.9469083276879,288.60596043138884,289.2979099370169,287.8467,288.64317289917926,289.6529075739935,288.6301388034539,289.02260474528697,288.09848761595134,288.48554228651545,
2036,288.53906227618546,287.97121712366294,287.6174320856126,288.6247785504687,287.96730268464745,288.5801878389516,288.86748197099143,289.2600949514699,289.66476013465604,288.1206147845447,287.8707450756009,289.0694168595893,288.7672333319637,288.4273208301079,289.31912332071926,287.94763180767285,289.1297196216763,288.80515276382,288.17195305920376,288.82494506147646,288.7623061706139,288.5260203965136,287.9278506968436,288.74318015354567,288.4784612574085,289.3503917843087,288.09232,288.9051243938597,289.83348426161086,288.77187805059856,288.77753657325985,288.0158524463087,288.6466166622993,
2037,288.51981580626483,288.0329154234436,287.61886956304284,288.79777971999323,287.9598141162623,288.7583428634613,288.9182315346305,289.2462690977172,289.80289740173026,288.60187735699026,287.77438976352784,289.06625134380204,288.6965574213227,288.6209941180797,289.4036241735486,287.7758561266066,289.20031423861684,288.8769229218388,288.10906794301223,288.8841169711668,288.7982397583069,288.3045206053196,287.9338632743822,288.8330421004965,288.5714820159935,289.317549531459,288.18948,289.0488094343793,289.83050585906363,288.61510133527617,288.7047400087918,288.1190981805756,288.7345924374818,
2038,288.78276955220554,287.9995212557877,287.6271451935021,288.8925421440179,287.9740788616204,288.6386631089392,288.96922221458493,289.071286735744,289.9898753116225,288.4748092461676,287.9533469895857,289.1081203480956,288.6886950266361,288.86753352493594,289.6334907936735,287.7759956003842,289.2261923487393,288.87541977096697,288.1093943735498,289.0354946197768,288.7567802524779,288.31233354735974,287.942994198996,289.0355878889314,288.5778155583219,289.3423147373433,287.99402,288.91002648154614,289.72132292612247,288.8955207857818,288.8341645630539,288.1254622049905,288.8450245158008,
2039,288.81998107629494,287.9547344886419,287.6311055215179,288.95484290088376,287.9033588298172,288.64685668583513,288.79563488208584,289.1104865924876,289.8317064180134,288.134571593634,288.02777420691217,289.36390648541254,289.03245280637253,288.809546061628,289.67137495832986,288.1489874711152,289.25998725587544,288.91193235650616,288.24754407840646,288.91396345338603,288.5235644961032,288.24779455492217,287.7357415886892,288.8672288301902,288.48842932239137,289.37945414487825,288.2638,288.976463029898,289.7516051224752,288.9938114722305,288.98540875046723,288.2141074839922,288.94958915283746,
2040,288.63900224324266,287.90387386304377,287.65336318353275,288.78092291642787,288.0364855426908,288.55307493164565,288.8983805863723,288.9963410832855,289.54683542659967,288.1495486822739,287.9627222277045,289.3577443347272,289.10634293025026,289.02659448449566,289.6262305341741,288.03205375251696,289.3323107981169,288.8973729482474,288.4171427961702,288.8802736475254,288.5141157400396,288.4090945761633,287.9385090068721,289.0140849247125,288.67146277536034,289.40876084095254,288.54034,289.09796368080964,289.9289545286437,288.9181378294575,288.92849858343675,288.35340046050754,288.8109961004962,
2041,288.6158586604017,287.9453425845245,287.6102530899764,288.8862262938422,288.17551757245536,288.56602008784046,289.18277082708147,289.2380895379318,289.5454520424577,288.24747822335377,287.97152693631057,289.3793906850571,288.7636292131201,288.9450584476181,289.5537925128217,287.71528945218137,289.41548570393485,288.9160530929391,288.1883000337528,288.77609088181373,288.68743057933665,288.44821127294995,287.9709082378015,288.7643066652706,288.69694854179335,289.4329377571939,288.32373,289.34162087960254,289.6917225928881,288.87186854913847,289.0478953558849,288.51722515394937,288.66465456721045,
2042,288.8473486548551,287.824446586873,287.5467336720396,288.85315868208096,288.19178859941786,288.600133288366,289.0492393110281,289.35365219014074,289.6650564671477,288.3316582045668,287.83022495733445,289.3220126015155,288.7904898390594,289.11723846497824,289.60424177726856,287.9021482489001,289.6157383180494,288.85969308086766,288.2940223158989,288.801984782848,288.7852269852366,288.3574341151041,287.8030736524871,288.75574135435886,288.67563592054984,289.34543495564816,288.17966,289.33306045204506,289.7907050042256,288.9143088922974,289.0897399002256,288.4470017538102,288.73721877796686,
2043,288.8479548927393,287.92776080353866,287.6774259070564,289.0381352186259,288.2606189987862,288.62252484816094,288.88628612739416,289.5445664451232,289.9962026343108,288.2294636117252,287.87327029294227,289.33634271648253,289.0320693936914,289.14991667076544,289.7124382574989,288.0346400185492,289.40504556099114,288.9601914620491,288.3725384534783,289.0428540773394,288.76848643760934,288.44177743901724,287.92984304994496,289.06566729917773,288.50407943768045,289.5316376039794,288.2418,289.08585956868035,290.0538662688911,288.90681648175763,288.9243820000345,288.28663424804864,288.67649221299763,
2044,288.66769359413314,287.9671320877152,287.684363473379,288.79366627499707,288.2517874061536,288.6939858115516,288.9017132186306,289.5235148261522,290.15032606738265,288.31707824896125,287.87278355437235,289.1702394416005,289.23729914734,289.026281747124,289.7464170515905,287.8523064391275,289.5847390177565,288.9844694534523,288.246426252505,289.1948870992536,288.75998448511973,288.5875906359143,287.9265596237696,289.19176152937723,288.6006530184939,289.4880466165736,288.131,289.19231381697983,289.86541517462604,288.95877666806945,288.90797737084006,288.29746041985146,288.79813909388656,
2045,288.7528460880112,287.948863058705,287.77939346924285,288.9557079067852,288.28936758077657,288.85527046211155,289.0681607488818,289.36763787908654,289.81519071729923,288.40203062333075,287.9388982728222,289.3352791203287,289.0035024182859,289.14778913720573,289.7164562578073,287.80212921171,289.5296933830124,289.0705574746442,288.293943505973,288.8386420086527,288.9964338116633,288.5444850183106,287.79366531048856,289.1666971868878,288.6878483140957,289.5483486600935,288.31534,289.2569923418753,289.88862848509297,289.1114618731894,289.0486048785189,288.37558325494643,288.7597722064714,
2046,288.8436517347636,288.0422419782564,287.9934068290161,289.0260081436062,288.2212429385906,288.8781546633727,289.305893747344,289.3580688444578,289.88258567881303,288.803280526274,287.9039659382684,289.37569002094943,289.09143611077127,289.1299305234991,289.7343550306484,288.02922875453675,289.4990236297601,288.90888428778686,288.19824937595314,288.80399518415805,289.1379693649346,288.5977988336022,287.95839706084456,289.32064863801867,288.8609523713183,289.636288850262,288.4957,289.3485506366351,289.98692609613266,289.0012288031898,289.20055217216446,288.3336805633087,288.9577656902278,
2047,288.8574790427071,288.13721990060986,287.81593491473416,289.1089705795603,288.1966296716642,288.862423720305,289.436095042794,289.5974007296149,290.0098256877852,288.6706871206133,287.8630104745887,289.5920981788292,289.0664453413955,289.2307855923348,289.5998198546732,287.91470255423883,289.49188462196014,288.9337948593879,288.5124079256282,289.01332761464283,288.98032093749475,288.50607943271706,288.0860050858683,289.3815135930377,288.95862399468746,289.6759570280238,288.63553,289.547258158993,290.04272408279905,288.9692178847388,289.2567492642634,288.35728362852694,288.92895621845616,
2048,288.820431701387,288.00971127578015,288.0068628119795,288.8991057954143,288.30488533539926,288.92439187144544,289.28644296670166,289.82119818699294,290.23293323115473,288.67288800998585,288.02707867587554,289.6312231504354,289.21370067886227,289.2444817782761,289.6382153764618,288.0915400729247,289.7011374456591,289.1437187887803,288.43969344245096,289.25220009083324,289.1781688600004,288.7030485508068,287.8314323673197,289.3938000154373,288.92340871732995,289.6572145246485,288.55917,289.6437930185535,289.9337656530961,289.27867783517405,289.0976788731769,288.6577620746307,288.9019180820067,
2049,288.8289382012785,288.19424508471764,288.01562285473483,288.96967140299904,288.30496990607026,288.9276391598819,289.2376122869899,289.7443724921819,290.10841629912426,288.7158774041484,288.0009695062716,289.4291498011964,289.2255707745837,289.25356573780664,289.6216302300966,288.26367781521344,289.56805661054426,288.95310817864674,288.4568616932947,289.3255811166796,289.23883064023,288.81730795673536,287.9364765478037,289.3849076192193,288.85229687628765,289.7453920372405,288.52634,289.513560223169,289.9640635735503,289.1517351588263,289.33086746689713,288.67795294334707,288.9174511920009,
2050,288.85816425266347,288.1059469751095,287.9329453187538,289.18394148121325,288.2927793309455,288.97433717015554,289.3829625713848,289.5877606019779,289.67055465296363,288.62693775896315,288.0794475394913,289.42885654872634,289.0872725962384,289.1678612464101,289.5714428076969,287.8971158735389,289.6031314175913,288.8912743086031,288.4002583167412,289.0123307147223,289.1901574208468,288.8628136002115,288.0853450485984,289.3663104166752,288.9178825068333,289.83252638271284,288.55624,289.271769274903,290.04198737097767,289.0196942633473,289.6285150914759,288.6721010757884,289.0669108454213,
2051,288.91279943717785,288.1657472824258,288.04379443531485,289.0605455511358,288.1793456759323,288.9325921796213,289.46949167749625,289.73573441334344,289.7115433723868,288.67409077458217,288.0258734233034,289.677120828326,289.3289187385245,289.3105309572653,289.72154542372465,288.14767476715684,289.83529445820767,289.0448137542558,288.68441184524494,289.08838864265226,289.4348714929605,288.76364025923885,288.1640869237056,289.40756383603934,289.0707120036329,289.8056932027825,288.33932,289.4592103454726,290.0664464086575,289.1081864652704,289.4607140744709,288.5443019356977,289.0595844203252,
2052,288.9139125996698,288.1607868921761,288.09749368208406,288.8420191616676,288.3273073175415,288.88630025717305,289.39014296228635,289.8620026478763,289.9455467297622,288.86738378345655,288.0326262146918,289.53016779556503,289.40655545098485,289.3008286964754,289.7513450605654,288.4024012177408,289.94750606055953,288.9865439476092,288.73881807109683,289.27544355946134,289.25606654419346,288.5986645055612,288.0913926090971,289.3598818588627,289.07404333146485,289.76632151344785,288.55725,289.6497824307903,290.23218872845166,289.23426453696953,289.32838307002623,288.6443112781312,289.0133097485246,
2053,289.00217516404973,288.3490722444535,287.9224919234103,288.8498699669709,288.22909720556726,289.0446967537252,289.4411814131395,289.751974050298,290.1988599665567,288.773002197038,287.93265255804783,289.42164224720455,289.4306586074373,289.514289884451,289.7455419917365,288.0734968056115,289.72645008428145,288.9580701336013,288.619335112151,289.0523616295638,289.13439471332674,288.71064107008544,288.0441510674683,289.1847191872519,288.8949041022407,289.7500758448234,288.8839,289.8638815785249,290.37580519500693,289.31329082916085,289.41814186492365,288.5490799732041,289.1338797256256,
2054,289.0770685290097,288.1540122243152,288.0397146163112,289.2848268038249,288.28557216398053,289.08439319454914,289.446346934022,289.7252161565623,290.05922272733966,288.68228753006923,288.0032595336,289.5606609434124,289.2716729672607,289.3810743166093,289.7949562886577,288.1977125428427,289.6347064723968,288.92544774655465,288.6033188953596,288.95791445798096,288.9336111028403,288.89161827408896,288.19744847605875,289.39377348217914,288.8483769153279,289.9324997846612,288.87894,289.9082112428444,290.3024076989318,289.4212307290836,289.59695686499566,288.70065787104613,289.08642374062714,
2055,289.0858885562589,288.2530541701837,287.99666881247845,289.16226813322777,288.38648055054205,289.03756549615485,289.6306953799431,289.8049758994937,290.1300602948913,288.7272493829533,287.9928871285149,289.62968223765927,289.40063073205937,289.5535525869136,289.78917371400155,288.37502142398006,289.8634606572083,289.1101109976225,288.6381154349198,289.0391320639549,289.2056778000291,289.12378660471774,287.93648393703745,289.6038339916964,288.8010038319684,289.9266951851962,288.7074,289.64722189517767,290.3337209924527,289.4659607165681,289.4542384663268,288.69640837294656,289.1521525898507,
2056,288.8168103067196,288.41123711067985,287.92619409624155,289.2161141919764,288.45842421878604,289.1808085951892,289.7235326055656,289.82321856455906,290.141040889516,288.69194557359907,287.940133380996,289.6161909080335,289.5691340638133,289.62685994698984,289.9286986299522,288.1024586327865,290.1255644952936,288.9665478383349,288.55090865410745,289.0823463754002,289.13201771470847,288.8115150400751,288.1094477493087,289.6674819386594,288.7588766415695,290.0176011665277,288.4888,289.667350571648,290.30849524764216,289.2946119341305,289.52479721821555,288.50092272372274,289.2663808817088,
2057,288.9916542447685,288.48285953293833,288.1427661110392,289.3148119878373,288.47563497968696,289.14828941165894,289.7268283275076,290.0574190199686,290.2743722160555,288.52614761813805,287.9773071620705,289.9525586831392,289.5399874712998,289.5176368206573,290.00972828145615,288.3509000363804,290.0663917676299,288.9536260129308,288.60812187867896,289.31836466844743,289.31921335117426,288.68315322558385,288.1419138381261,289.519799960452,288.90051866683046,289.90577114726483,288.71658,289.87324681520306,290.2886847004425,289.43335340217726,289.6209530943286,288.4732651490521,289.4066885490814,
2058,289.12602610213423,288.15152699345447,288.2463085996574,289.0562839220364,288.3594554427009,289.1501183773823,289.6153051510054,290.00593869881465,290.1118937313982,288.69873982163136,288.11067679941254,289.84885184969977,289.6076566692625,289.6636105808958,290.02977844726576,288.49669018950453,290.09314624942726,289.11017587831617,288.7001626365178,289.22682397132644,289.5572395428157,288.90803263533235,288.16236636513446,289.5637239354703,289.1136849594837,289.8996762978162,288.82626,290.1265149640995,290.42372075393786,289.3144400748281,289.4518041582096,288.6392658067177,289.3000096354541,
2059,289.2460112261488,288.374664818188,288.03324467118824,289.3179886021586,288.44644477310385,289.28991950644735,289.74679022430047,289.89031121536374,290.1095647751102,288.8156953135133,288.17509460377613,289.6063947197767,289.6365380937043,289.76445209690183,290.0736684027617,288.2092861105919,290.2766365443903,289.0882030082892,288.758375585013,289.2541744871059,289.5481540063958,288.9117742835528,288.1765074076839,289.63564581582585,289.1669962370948,289.94328913082666,288.69965,290.0850615844056,290.4723194333632,289.2685372322928,289.62398414122885,288.88383890537995,289.2209561502664,
2060,289.2953254320635,288.49051655622225,288.1607594004019,289.1542897835806,288.4975135597808,289.17389106601485,289.88393748056166,289.83246682576595,290.34248462274525,288.87103608755376,288.0866431676728,289.60824455575727,289.6639150058942,289.460634810591,290.0830236772339,288.51590248065224,290.2947666829852,289.1311540688103,288.6373017371891,289.2838269677954,289.4805058014018,289.0468569668328,288.29104903075535,289.6247369673708,289.0314694759539,289.9835148742709,288.85666,289.8362171711898,290.43122549056176,289.389182182669,289.84144946331617,288.7670809148197,289.20567659653017,
