# Annual total effective radiative forcing (ERF) relative to 1750, W m-2.
# Driver of the two-layer EBM behind the ClimateBench v2 pattern-scaling
# baseline (docs/metrics_reference.md Tier II "Baselines" (iii)).
#
# !! PROVISIONAL PLACEHOLDER - this is NOT the AR6 annual table itself. !!
#
# The protocol asks for the IPCC AR6 WG1 Chapter 7 (Annex III) annual series
# of total anthropogenic + natural ERF, 1750-2019, extended to 2030 with
# SSP2-4.5. That table is not redistributed here; until it is digitised into
# this file, the values below are a piecewise-LINEAR INTERPOLATION between
# published AR6 anchor values of the TOTAL ANTHROPOGENIC ERF:
#
#   1750 0.00   1800 0.01   1850 0.03   1900 0.13   1920 0.20   1940 0.35
#   1950 0.45   1960 0.62   1970 0.82   1980 1.05   1990 1.35   2000 1.72
#   2010 2.20   2014 2.42   2019 2.72 (AR6 headline 1750-2019 value)
#   2030 3.35 (SSP2-4.5 continuation)
#
# Consequences of the placeholder, all of which the EBM calibration absorbs
# into its one fitted parameter but which a reader must know about:
#   * NATURAL forcing is OMITTED - there are no volcanic pulses (Krakatoa,
#     Agung, El Chichon, Pinatubo) and no solar cycle, so the trajectory is
#     smooth where the real one is not, and the baseline cannot reproduce the
#     post-Pinatubo dip;
#   * the decade-to-decade shape between anchors is linear, not the AR6
#     curve.
#
# TODO(Duncan): replace with the digitised AR6 Ch.7 / Annex III annual
# total-ERF series (and its SSP2-4.5 extension) and delete this notice.
#
year,erf
1750,0.0000
1751,0.0002
1752,0.0004
1753,0.0006
1754,0.0008
1755,0.0010
1756,0.0012
1757,0.0014
1758,0.0016
1759,0.0018
1760,0.0020
1761,0.0022
1762,0.0024
1763,0.0026
1764,0.0028
1765,0.0030
1766,0.0032
1767,0.0034
1768,0.0036
1769,0.0038
1770,0.0040
1771,0.0042
1772,0.0044
1773,0.0046
1774,0.0048
1775,0.0050
1776,0.0052
1777,0.0054
1778,0.0056
1779,0.0058
1780,0.0060
1781,0.0062
1782,0.0064
1783,0.0066
1784,0.0068
1785,0.0070
1786,0.0072
1787,0.0074
1788,0.0076
1789,0.0078
1790,0.0080
1791,0.0082
1792,0.0084
1793,0.0086
1794,0.0088
1795,0.0090
1796,0.0092
1797,0.0094
1798,0.0096
1799,0.0098
1800,0.0100
1801,0.0104
1802,0.0108
1803,0.0112
1804,0.0116
1805,0.0120
1806,0.0124
1807,0.0128
1808,0.0132
1809,0.0136
1810,0.0140
1811,0.0144
1812,0.0148
1813,0.0152
1814,0.0156
1815,0.0160
1816,0.0164
1817,0.0168
1818,0.0172
1819,0.0176
1820,0.0180
1821,0.0184
1822,0.0188
1823,0.0192
1824,0.0196
1825,0.0200
1826,0.0204
1827,0.0208
1828,0.0212
1829,0.0216
1830,0.0220
1831,0.0224
1832,0.0228
1833,0.0232
1834,0.0236
1835,0.0240
1836,0.0244
1837,0.0248
1838,0.0252
1839,0.0256
1840,0.0260
1841,0.0264
1842,0.0268
1843,0.0272
1844,0.0276
1845,0.0280
1846,0.0284
1847,0.0288
1848,0.0292
1849,0.0296
1850,0.0300
1851,0.0320
1852,0.0340
1853,0.0360
1854,0.0380
1855,0.0400
1856,0.0420
1857,0.0440
1858,0.0460
1859,0.0480
1860,0.0500
1861,0.0520
1862,0.0540
1863,0.0560
1864,0.0580
1865,0.0600
1866,0.0620
1867,0.0640
1868,0.0660
1869,0.0680
1870,0.0700
1871,0.0720
1872,0.0740
1873,0.0760
1874,0.0780
1875,0.0800
1876,0.0820
1877,0.0840
1878,0.0860
1879,0.0880
1880,0.0900
1881,0.0920
1882,0.0940
1883,0.0960
1884,0.0980
1885,0.1000
1886,0.1020
1887,0.1040
1888,0.1060
1889,0.1080
1890,0.1100
1891,0.1120
1892,0.1140
1893,0.1160
1894,0.1180
1895,0.1200
1896,0.1220
1897,0.1240
1898,0.1260
1899,0.1280
1900,0.1300
1901,0.1335
1902,0.1370
1903,0.1405
1904,0.1440
1905,0.1475
1906,0.1510
1907,0.1545
1908,0.1580
1909,0.1615
1910,0.1650
1911,0.1685
1912,0.1720
1913,0.1755
1914,0.1790
1915,0.1825
1916,0.1860
1917,0.1895
1918,0.1930
1919,0.1965
1920,0.2000
1921,0.2075
1922,0.2150
1923,0.2225
1924,0.2300
1925,0.2375
1926,0.2450
1927,0.2525
1928,0.2600
1929,0.2675
1930,0.2750
1931,0.2825
1932,0.2900
1933,0.2975
1934,0.3050
1935,0.3125
1936,0.3200
1937,0.3275
1938,0.3350
1939,0.3425
1940,0.3500
1941,0.3600
1942,0.3700
1943,0.3800
1944,0.3900
1945,0.4000
1946,0.4100
1947,0.4200
1948,0.4300
1949,0.4400
1950,0.4500
1951,0.4670
1952,0.4840
1953,0.5010
1954,0.5180
1955,0.5350
1956,0.5520
1957,0.5690
1958,0.5860
1959,0.6030
1960,0.6200
1961,0.6400
1962,0.6600
1963,0.6800
1964,0.7000
1965,0.7200
1966,0.7400
1967,0.7600
1968,0.7800
1969,0.8000
1970,0.8200
1971,0.8430
1972,0.8660
1973,0.8890
1974,0.9120
1975,0.9350
1976,0.9580
1977,0.9810
1978,1.0040
1979,1.0270
1980,1.0500
1981,1.0800
1982,1.1100
1983,1.1400
1984,1.1700
1985,1.2000
1986,1.2300
1987,1.2600
1988,1.2900
1989,1.3200
1990,1.3500
1991,1.3870
1992,1.4240
1993,1.4610
1994,1.4980
1995,1.5350
1996,1.5720
1997,1.6090
1998,1.6460
1999,1.6830
2000,1.7200
2001,1.7680
2002,1.8160
2003,1.8640
2004,1.9120
2005,1.9600
2006,2.0080
2007,2.0560
2008,2.1040
2009,2.1520
2010,2.2000
2011,2.2550
2012,2.3100
2013,2.3650
2014,2.4200
2015,2.4800
2016,2.5400
2017,2.6000
2018,2.6600
2019,2.7200
2020,2.7773
2021,2.8345
2022,2.8918
2023,2.9491
2024,3.0064
2025,3.0636
2026,3.1209
2027,3.1782
2028,3.2355
2029,3.2927
2030,3.3500
