time,model,variable,global,northern_hemisphere,southern_hemisphere,tropics,metric
2005-01-01,CESM2,clt,11.462842587258093,11.462842587258093,11.462842587258093,11.462842587258093,CRPS
2005-01-01,CESM2,od550aer,0.000005938984309208809,0.000005938984309208809,0.000005938984309208809,0.000005938984309208809,CRPS
2005-01-01,CESM2,pr,1.3068863738188426e-05,1.3068863738188426e-05,1.3068863738188426e-05,1.3068863738188426e-05,CRPS
2005-01-01,CESM2,tas,1.3589540502724466,1.3589540502724466,1.3589540502724466,1.3589540502724466,CRPS
2005-01-01,CESM2,tos,0.8908148395690102,0.8908148395690102,0.8908148395690102,0.8908148395690102,CRPS
2005-01-01,CESM2-WACCM,clt,11.282826537318487,11.282826537318487,11.282826537318487,11.282826537318487,CRPS
2005-01-01,CESM2-WACCM,od550aer,0.000005721658162881659,0.000005721658162881659,0.000005721658162881659,0.000005721658162881659,CRPS
2005-01-01,CESM2-WACCM,pr,1.2746600225704025e-05,1.2746600225704025e-05,1.2746600225704025e-05,1.2746600225704025e-05,CRPS
2005-01-01,CESM2-WACCM,tas,1.3167179333264272,1.3167179333264272,1.3167179333264272,1.3167179333264272,CRPS
2005-01-01,CESM2-WACCM,tos,0.8804978480532527,0.8804978480532527,0.8804978480532527,0.8804978480532527,CRPS
2005-01-01,CanESM5,clt,11.533002232570478,11.533002232570478,11.533002232570478,11.533002232570478,CRPS
2005-01-01,CanESM5,od550aer,0.000006594418484057293,0.000006594418484057293,0.000006594418484057293,0.000006594418484057293,CRPS
2005-01-01,CanESM5,pr,1.4847983689296342e-05,1.4847983689296342e-05,1.4847983689296342e-05,1.4847983689296342e-05,CRPS
2005-01-01,CanESM5,tas,1.679548679943318,1.679548679943318,1.679548679943318,1.679548679943318,CRPS
2005-01-01,CanESM5,tos,0.9103096002947239,0.9103096002947239,0.9103096002947239,0.9103096002947239,CRPS
2005-01-01,MPI-ESM1-2-LR,clt,11.196370826903703,11.196370826903703,11.196370826903703,11.196370826903703,CRPS
2005-01-01,MPI-ESM1-2-LR,od550aer,0.000006706564393156995,0.000006706564393156995,0.000006706564393156995,0.000006706564393156995,CRPS
2005-01-01,MPI-ESM1-2-LR,pr,1.440042764781427e-05,1.440042764781427e-05,1.440042764781427e-05,1.440042764781427e-05,CRPS
2005-01-01,MPI-ESM1-2-LR,tas,1.4552702379201434,1.4552702379201434,1.4552702379201434,1.4552702379201434,CRPS
2005-01-01,MPI-ESM1-2-LR,tos,1.085636646650586,1.085636646650586,1.085636646650586,1.085636646650586,CRPS
2005-01-01,NorESM2-LM,clt,13.151552308672066,13.151552308672066,13.151552308672066,13.151552308672066,CRPS
2005-01-01,NorESM2-LM,pr,1.2708232464502994e-05,1.2708232464502994e-05,1.2708232464502994e-05,1.2708232464502994e-05,CRPS
2005-01-01,NorESM2-LM,tas,1.3049313723419238,1.3049313723419238,1.3049313723419238,1.3049313723419238,CRPS
2005-01-01,NorESM2-LM,tos,1.0110937239890594,1.0110937239890594,1.0110937239890594,1.0110937239890594,CRPS
2005-02-01,CESM2,clt,12.576306415671633,12.576306415671633,12.576306415671633,12.576306415671633,CRPS
2005-02-01,CESM2,od550aer,0.000005552745656678951,0.000005552745656678951,0.000005552745656678951,0.000005552745656678951,CRPS
2005-02-01,CESM2,pr,1.4859145169543912e-05,1.4859145169543912e-05,1.4859145169543912e-05,1.4859145169543912e-05,CRPS
2005-02-01,CESM2,tas,1.5574415270656958,1.5574415270656958,1.5574415270656958,1.5574415270656958,CRPS
2005-02-01,CESM2,tos,0.8916651950749669,0.8916651950749669,0.8916651950749669,0.8916651950749669,CRPS
2005-02-01,CESM2-WACCM,clt,12.677579156014685,12.677579156014685,12.677579156014685,12.677579156014685,CRPS
2005-02-01,CESM2-WACCM,od550aer,0.000005296660305185477,0.000005296660305185477,0.000005296660305185477,0.000005296660305185477,CRPS
2005-02-01,CESM2-WACCM,pr,1.543664426429185e-05,1.543664426429185e-05,1.543664426429185e-05,1.543664426429185e-05,CRPS
2005-02-01,CESM2-WACCM,tas,1.3788907535747719,1.3788907535747719,1.3788907535747719,1.3788907535747719,CRPS
2005-02-01,CESM2-WACCM,tos,0.8670448536836179,0.8670448536836179,0.8670448536836179,0.8670448536836179,CRPS
2005-02-01,CanESM5,clt,13.212652012816406,13.212652012816406,13.212652012816406,13.212652012816406,CRPS
2005-02-01,CanESM5,od550aer,0.000006259431566237986,0.000006259431566237986,0.000006259431566237986,0.000006259431566237986,CRPS
2005-02-01,CanESM5,pr,1.7592200272526282e-05,1.7592200272526282e-05,1.7592200272526282e-05,1.7592200272526282e-05,CRPS
2005-02-01,CanESM5,tas,1.7594602171673215,1.7594602171673215,1.7594602171673215,1.7594602171673215,CRPS
2005-02-01,CanESM5,tos,0.9214663312860474,0.9214663312860474,0.9214663312860474,0.9214663312860474,CRPS
2005-02-01,MPI-ESM1-2-LR,clt,13.614216724114447,13.614216724114447,13.614216724114447,13.614216724114447,CRPS
2005-02-01,MPI-ESM1-2-LR,od550aer,0.000006229357030253295,0.000006229357030253295,0.000006229357030253295,0.000006229357030253295,CRPS
2005-02-01,MPI-ESM1-2-LR,pr,1.6988410271629055e-05,1.6988410271629055e-05,1.6988410271629055e-05,1.6988410271629055e-05,CRPS
2005-02-01,MPI-ESM1-2-LR,tas,1.7691506301754125,1.7691506301754125,1.7691506301754125,1.7691506301754125,CRPS
2005-02-01,MPI-ESM1-2-LR,tos,1.1357259721262578,1.1357259721262578,1.1357259721262578,1.1357259721262578,CRPS
2005-02-01,NorESM2-LM,clt,13.494756663522272,13.494756663522272,13.494756663522272,13.494756663522272,CRPS
2005-02-01,NorESM2-LM,pr,1.448118861216595e-05,1.448118861216595e-05,1.448118861216595e-05,1.448118861216595e-05,CRPS
2005-02-01,NorESM2-LM,tas,1.376022504427538,1.376022504427538,1.376022504427538,1.376022504427538,CRPS
2005-02-01,NorESM2-LM,tos,1.0345214215466834,1.0345214215466834,1.0345214215466834,1.0345214215466834,CRPS
2005-03-01,CESM2,clt,11.36225810129606,11.36225810129606,11.36225810129606,11.36225810129606,CRPS
2005-03-01,CESM2,od550aer,0.00000629295261139353,0.00000629295261139353,0.00000629295261139353,0.00000629295261139353,CRPS
2005-03-01,CESM2,pr,1.2995057439023122e-05,1.2995057439023122e-05,1.2995057439023122e-05,1.2995057439023122e-05,CRPS
2005-03-01,CESM2,tas,1.4405030575775597,1.4405030575775597,1.4405030575775597,1.4405030575775597,CRPS
2005-03-01,CESM2,tos,0.8843439341352056,0.8843439341352056,0.8843439341352056,0.8843439341352056,CRPS
2005-03-01,CESM2-WACCM,clt,11.860971355152754,11.860971355152754,11.860971355152754,11.860971355152754,CRPS
2005-03-01,CESM2-WACCM,od550aer,0.000005374501580606003,0.000005374501580606003,0.000005374501580606003,0.000005374501580606003,CRPS
2005-03-01,CESM2-WACCM,pr,1.301020115284115e-05,1.301020115284115e-05,1.301020115284115e-05,1.301020115284115e-05,CRPS
2005-03-01,CESM2-WACCM,tas,1.213625919281908,1.213625919281908,1.213625919281908,1.213625919281908,CRPS
2005-03-01,CESM2-WACCM,tos,0.8596662948999741,0.8596662948999741,0.8596662948999741,0.8596662948999741,CRPS
2005-03-01,CanESM5,clt,11.81014097813448,11.81014097813448,11.81014097813448,11.81014097813448,CRPS
2005-03-01,CanESM5,od550aer,0.000006536685578071101,0.000006536685578071101,0.000006536685578071101,0.000006536685578071101,CRPS
2005-03-01,CanESM5,pr,1.5977797382947824e-05,1.5977797382947824e-05,1.5977797382947824e-05,1.5977797382947824e-05,CRPS
2005-03-01,CanESM5,tas,1.7776450904249632,1.7776450904249632,1.7776450904249632,1.7776450904249632,CRPS
2005-03-01,CanESM5,tos,0.9190655096291311,0.9190655096291311,0.9190655096291311,0.9190655096291311,CRPS
2005-03-01,MPI-ESM1-2-LR,clt,11.944826465687802,11.944826465687802,11.944826465687802,11.944826465687802,CRPS
2005-03-01,MPI-ESM1-2-LR,od550aer,0.000006317592103762071,0.000006317592103762071,0.000006317592103762071,0.000006317592103762071,CRPS
2005-03-01,MPI-ESM1-2-LR,pr,1.5409842298933866e-05,1.5409842298933866e-05,1.5409842298933866e-05,1.5409842298933866e-05,CRPS
2005-03-01,MPI-ESM1-2-LR,tas,1.501438252370391,1.501438252370391,1.501438252370391,1.501438252370391,CRPS
2005-03-01,MPI-ESM1-2-LR,tos,1.0501112133771862,1.0501112133771862,1.0501112133771862,1.0501112133771862,CRPS
2005-03-01,NorESM2-LM,clt,12.284963839227474,12.284963839227474,12.284963839227474,12.284963839227474,CRPS
2005-03-01,NorESM2-LM,pr,1.4463635532689562e-05,1.4463635532689562e-05,1.4463635532689562e-05,1.4463635532689562e-05,CRPS
2005-03-01,NorESM2-LM,tas,1.260250699479562,1.260250699479562,1.260250699479562,1.260250699479562,CRPS
2005-03-01,NorESM2-LM,tos,1.0235712328054043,1.0235712328054043,1.0235712328054043,1.0235712328054043,CRPS
2005-04-01,CESM2,clt,12.213854629268763,12.213854629268763,12.213854629268763,12.213854629268763,CRPS
2005-04-01,CESM2,od550aer,0.000007419638556262775,0.000007419638556262775,0.000007419638556262775,0.000007419638556262775,CRPS
2005-04-01,CESM2,pr,1.3588951553553035e-05,1.3588951553553035e-05,1.3588951553553035e-05,1.3588951553553035e-05,CRPS
2005-04-01,CESM2,tas,1.2809971353194711,1.2809971353194711,1.2809971353194711,1.2809971353194711,CRPS
2005-04-01,CESM2,tos,0.8803090389631749,0.8803090389631749,0.8803090389631749,0.8803090389631749,CRPS
2005-04-01,CESM2-WACCM,clt,11.906358829857801,11.906358829857801,11.906358829857801,11.906358829857801,CRPS
2005-04-01,CESM2-WACCM,od550aer,0.000006970453457925538,0.000006970453457925538,0.000006970453457925538,0.000006970453457925538,CRPS
2005-04-01,CESM2-WACCM,pr,1.3122454437596185e-05,1.3122454437596185e-05,1.3122454437596185e-05,1.3122454437596185e-05,CRPS
2005-04-01,CESM2-WACCM,tas,1.261344828389004,1.261344828389004,1.261344828389004,1.261344828389004,CRPS
2005-04-01,CESM2-WACCM,tos,0.8212873366319585,0.8212873366319585,0.8212873366319585,0.8212873366319585,CRPS
2005-04-01,CanESM5,clt,11.129155960937808,11.129155960937808,11.129155960937808,11.129155960937808,CRPS
2005-04-01,CanESM5,od550aer,0.00000729008702620048,0.00000729008702620048,0.00000729008702620048,0.00000729008702620048,CRPS
2005-04-01,CanESM5,pr,1.5707254563305203e-05,1.5707254563305203e-05,1.5707254563305203e-05,1.5707254563305203e-05,CRPS
2005-04-01,CanESM5,tas,1.5577953013505983,1.5577953013505983,1.5577953013505983,1.5577953013505983,CRPS
2005-04-01,CanESM5,tos,0.9250195424799361,0.9250195424799361,0.9250195424799361,0.9250195424799361,CRPS
2005-04-01,MPI-ESM1-2-LR,clt,11.821714536694468,11.821714536694468,11.821714536694468,11.821714536694468,CRPS
2005-04-01,MPI-ESM1-2-LR,od550aer,0.000007819571497077599,0.000007819571497077599,0.000007819571497077599,0.000007819571497077599,CRPS
2005-04-01,MPI-ESM1-2-LR,pr,1.5629229644923346e-05,1.5629229644923346e-05,1.5629229644923346e-05,1.5629229644923346e-05,CRPS
2005-04-01,MPI-ESM1-2-LR,tas,1.4904874575960267,1.4904874575960267,1.4904874575960267,1.4904874575960267,CRPS
2005-04-01,MPI-ESM1-2-LR,tos,0.9823242130091104,0.9823242130091104,0.9823242130091104,0.9823242130091104,CRPS
2005-04-01,NorESM2-LM,clt,12.957474273316647,12.957474273316647,12.957474273316647,12.957474273316647,CRPS
2005-04-01,NorESM2-LM,pr,1.519700874918364e-05,1.519700874918364e-05,1.519700874918364e-05,1.519700874918364e-05,CRPS
2005-04-01,NorESM2-LM,tas,1.332031973677062,1.332031973677062,1.332031973677062,1.332031973677062,CRPS
2005-04-01,NorESM2-LM,tos,1.0342431644493544,1.0342431644493544,1.0342431644493544,1.0342431644493544,CRPS
2005-05-01,CESM2,clt,12.141328681839461,12.141328681839461,12.141328681839461,12.141328681839461,CRPS
2005-05-01,CESM2,od550aer,0.000007406353630114505,0.000007406353630114505,0.000007406353630114505,0.000007406353630114505,CRPS
2005-05-01,CESM2,pr,1.4798067259151315e-05,1.4798067259151315e-05,1.4798067259151315e-05,1.4798067259151315e-05,CRPS
2005-05-01,CESM2,tas,1.300460571405451,1.300460571405451,1.300460571405451,1.300460571405451,CRPS
2005-05-01,CESM2,tos,0.9055290800483092,0.9055290800483092,0.9055290800483092,0.9055290800483092,CRPS
2005-05-01,CESM2-WACCM,clt,11.568664609723307,11.568664609723307,11.568664609723307,11.568664609723307,CRPS
2005-05-01,CESM2-WACCM,od550aer,0.000007267021787011613,0.000007267021787011613,0.000007267021787011613,0.000007267021787011613,CRPS
2005-05-01,CESM2-WACCM,pr,1.2870895185910832e-05,1.2870895185910832e-05,1.2870895185910832e-05,1.2870895185910832e-05,CRPS
2005-05-01,CESM2-WACCM,tas,1.2187210778561122,1.2187210778561122,1.2187210778561122,1.2187210778561122,CRPS
2005-05-01,CESM2-WACCM,tos,0.8473353647702386,0.8473353647702386,0.8473353647702386,0.8473353647702386,CRPS
2005-05-01,CanESM5,clt,10.91421635300888,10.91421635300888,10.91421635300888,10.91421635300888,CRPS
2005-05-01,CanESM5,od550aer,0.000007785500456279643,0.000007785500456279643,0.000007785500456279643,0.000007785500456279643,CRPS
2005-05-01,CanESM5,pr,1.3882891566714802e-05,1.3882891566714802e-05,1.3882891566714802e-05,1.3882891566714802e-05,CRPS
2005-05-01,CanESM5,tas,1.4295440763988962,1.4295440763988962,1.4295440763988962,1.4295440763988962,CRPS
2005-05-01,CanESM5,tos,0.9325653704294062,0.9325653704294062,0.9325653704294062,0.9325653704294062,CRPS
2005-05-01,MPI-ESM1-2-LR,clt,11.328084386904393,11.328084386904393,11.328084386904393,11.328084386904393,CRPS
2005-05-01,MPI-ESM1-2-LR,od550aer,0.00000750679664867254,0.00000750679664867254,0.00000750679664867254,0.00000750679664867254,CRPS
2005-05-01,MPI-ESM1-2-LR,pr,1.4894963671911602e-05,1.4894963671911602e-05,1.4894963671911602e-05,1.4894963671911602e-05,CRPS
2005-05-01,MPI-ESM1-2-LR,tas,1.5650146063675372,1.5650146063675372,1.5650146063675372,1.5650146063675372,CRPS
2005-05-01,MPI-ESM1-2-LR,tos,1.0053299387097954,1.0053299387097954,1.0053299387097954,1.0053299387097954,CRPS
2005-05-01,NorESM2-LM,clt,13.180576275844462,13.180576275844462,13.180576275844462,13.180576275844462,CRPS
2005-05-01,NorESM2-LM,pr,1.442502627189692e-05,1.442502627189692e-05,1.442502627189692e-05,1.442502627189692e-05,CRPS
2005-05-01,NorESM2-LM,tas,1.39150705353773,1.39150705353773,1.39150705353773,1.39150705353773,CRPS
2005-05-01,NorESM2-LM,tos,1.0578690329123104,1.0578690329123104,1.0578690329123104,1.0578690329123104,CRPS
2005-06-01,CESM2,clt,11.325553207517526,11.325553207517526,11.325553207517526,11.325553207517526,CRPS
2005-06-01,CESM2,od550aer,0.000007685064909007054,0.000007685064909007054,0.000007685064909007054,0.000007685064909007054,CRPS
2005-06-01,CESM2,pr,1.4938857129767954e-05,1.4938857129767954e-05,1.4938857129767954e-05,1.4938857129767954e-05,CRPS
2005-06-01,CESM2,tas,1.286822242446696,1.286822242446696,1.286822242446696,1.286822242446696,CRPS
2005-06-01,CESM2,tos,0.9301562383756754,0.9301562383756754,0.9301562383756754,0.9301562383756754,CRPS
2005-06-01,CESM2-WACCM,clt,10.942630631715069,10.942630631715069,10.942630631715069,10.942630631715069,CRPS
2005-06-01,CESM2-WACCM,od550aer,0.000008170875980099852,0.000008170875980099852,0.000008170875980099852,0.000008170875980099852,CRPS
2005-06-01,CESM2-WACCM,pr,1.3186339116757081e-05,1.3186339116757081e-05,1.3186339116757081e-05,1.3186339116757081e-05,CRPS
2005-06-01,CESM2-WACCM,tas,1.2598633864593387,1.2598633864593387,1.2598633864593387,1.2598633864593387,CRPS
2005-06-01,CESM2-WACCM,tos,0.9219513171888106,0.9219513171888106,0.9219513171888106,0.9219513171888106,CRPS
2005-06-01,CanESM5,clt,11.535220045086692,11.535220045086692,11.535220045086692,11.535220045086692,CRPS
2005-06-01,CanESM5,od550aer,0.000006584427582228888,0.000006584427582228888,0.000006584427582228888,0.000006584427582228888,CRPS
2005-06-01,CanESM5,pr,1.5185391847337688e-05,1.5185391847337688e-05,1.5185391847337688e-05,1.5185391847337688e-05,CRPS
2005-06-01,CanESM5,tas,1.4374176345023488,1.4374176345023488,1.4374176345023488,1.4374176345023488,CRPS
2005-06-01,CanESM5,tos,0.928310727438343,0.928310727438343,0.928310727438343,0.928310727438343,CRPS
2005-06-01,MPI-ESM1-2-LR,clt,11.864297158710812,11.864297158710812,11.864297158710812,11.864297158710812,CRPS
2005-06-01,MPI-ESM1-2-LR,od550aer,0.000007633635327721353,0.000007633635327721353,0.000007633635327721353,0.000007633635327721353,CRPS
2005-06-01,MPI-ESM1-2-LR,pr,1.4785472143502978e-05,1.4785472143502978e-05,1.4785472143502978e-05,1.4785472143502978e-05,CRPS
2005-06-01,MPI-ESM1-2-LR,tas,1.4672234285595671,1.4672234285595671,1.4672234285595671,1.4672234285595671,CRPS
2005-06-01,MPI-ESM1-2-LR,tos,1.0315667670909838,1.0315667670909838,1.0315667670909838,1.0315667670909838,CRPS
2005-06-01,NorESM2-LM,clt,13.12344728180205,13.12344728180205,13.12344728180205,13.12344728180205,CRPS
2005-06-01,NorESM2-LM,pr,1.4095655851844982e-05,1.4095655851844982e-05,1.4095655851844982e-05,1.4095655851844982e-05,CRPS
2005-06-01,NorESM2-LM,tas,1.3862181958003152,1.3862181958003152,1.3862181958003152,1.3862181958003152,CRPS
2005-06-01,NorESM2-LM,tos,1.0798411221398492,1.0798411221398492,1.0798411221398492,1.0798411221398492,CRPS
2005-07-01,CESM2,clt,10.641424139477357,10.641424139477357,10.641424139477357,10.641424139477357,CRPS
2005-07-01,CESM2,od550aer,0.000008194471040818695,0.000008194471040818695,0.000008194471040818695,0.000008194471040818695,CRPS
2005-07-01,CESM2,pr,1.3133404257994143e-05,1.3133404257994143e-05,1.3133404257994143e-05,1.3133404257994143e-05,CRPS
2005-07-01,CESM2,tas,1.299939607272616,1.299939607272616,1.299939607272616,1.299939607272616,CRPS
2005-07-01,CESM2,tos,0.9199545585544342,0.9199545585544342,0.9199545585544342,0.9199545585544342,CRPS
2005-07-01,CESM2-WACCM,clt,10.625218832050736,10.625218832050736,10.625218832050736,10.625218832050736,CRPS
2005-07-01,CESM2-WACCM,od550aer,0.000008266449598009248,0.000008266449598009248,0.000008266449598009248,0.000008266449598009248,CRPS
2005-07-01,CESM2-WACCM,pr,1.2372612689073778e-05,1.2372612689073778e-05,1.2372612689073778e-05,1.2372612689073778e-05,CRPS
2005-07-01,CESM2-WACCM,tas,1.2396904403065414,1.2396904403065414,1.2396904403065414,1.2396904403065414,CRPS
2005-07-01,CESM2-WACCM,tos,0.9413399502602352,0.9413399502602352,0.9413399502602352,0.9413399502602352,CRPS
2005-07-01,CanESM5,clt,11.750286082142582,11.750286082142582,11.750286082142582,11.750286082142582,CRPS
2005-07-01,CanESM5,od550aer,0.000006994074980952132,0.000006994074980952132,0.000006994074980952132,0.000006994074980952132,CRPS
2005-07-01,CanESM5,pr,1.4086207510204338e-05,1.4086207510204338e-05,1.4086207510204338e-05,1.4086207510204338e-05,CRPS
2005-07-01,CanESM5,tas,1.4226256404827278,1.4226256404827278,1.4226256404827278,1.4226256404827278,CRPS
2005-07-01,CanESM5,tos,0.9292660772966591,0.9292660772966591,0.9292660772966591,0.9292660772966591,CRPS
2005-07-01,MPI-ESM1-2-LR,clt,12.039152268900374,12.039152268900374,12.039152268900374,12.039152268900374,CRPS
2005-07-01,MPI-ESM1-2-LR,od550aer,0.000007740842262087799,0.000007740842262087799,0.000007740842262087799,0.000007740842262087799,CRPS
2005-07-01,MPI-ESM1-2-LR,pr,1.384441805205829e-05,1.384441805205829e-05,1.384441805205829e-05,1.384441805205829e-05,CRPS
2005-07-01,MPI-ESM1-2-LR,tas,1.4882418887728157,1.4882418887728157,1.4882418887728157,1.4882418887728157,CRPS
2005-07-01,MPI-ESM1-2-LR,tos,1.0900863695872784,1.0900863695872784,1.0900863695872784,1.0900863695872784,CRPS
2005-07-01,NorESM2-LM,clt,12.675887134303952,12.675887134303952,12.675887134303952,12.675887134303952,CRPS
2005-07-01,NorESM2-LM,pr,1.2761624179949912e-05,1.2761624179949912e-05,1.2761624179949912e-05,1.2761624179949912e-05,CRPS
2005-07-01,NorESM2-LM,tas,1.3576005830347502,1.3576005830347502,1.3576005830347502,1.3576005830347502,CRPS
2005-07-01,NorESM2-LM,tos,1.059749004370169,1.059749004370169,1.059749004370169,1.059749004370169,CRPS
2005-08-01,CESM2,clt,10.4173679667489,10.4173679667489,10.4173679667489,10.4173679667489,CRPS
2005-08-01,CESM2,od550aer,0.000007735075946326793,0.000007735075946326793,0.000007735075946326793,0.000007735075946326793,CRPS
2005-08-01,CESM2,pr,1.2619925699835261e-05,1.2619925699835261e-05,1.2619925699835261e-05,1.2619925699835261e-05,CRPS
2005-08-01,CESM2,tas,1.239145045381002,1.239145045381002,1.239145045381002,1.239145045381002,CRPS
2005-08-01,CESM2,tos,0.8843400855935684,0.8843400855935684,0.8843400855935684,0.8843400855935684,CRPS
2005-08-01,CESM2-WACCM,clt,10.341541328021147,10.341541328021147,10.341541328021147,10.341541328021147,CRPS
2005-08-01,CESM2-WACCM,od550aer,0.000007434479118363456,0.000007434479118363456,0.000007434479118363456,0.000007434479118363456,CRPS
2005-08-01,CESM2-WACCM,pr,1.2715470083333524e-05,1.2715470083333524e-05,1.2715470083333524e-05,1.2715470083333524e-05,CRPS
2005-08-01,CESM2-WACCM,tas,1.205300191839126,1.205300191839126,1.205300191839126,1.205300191839126,CRPS
2005-08-01,CESM2-WACCM,tos,0.905997032532695,0.905997032532695,0.905997032532695,0.905997032532695,CRPS
2005-08-01,CanESM5,clt,11.583936045443265,11.583936045443265,11.583936045443265,11.583936045443265,CRPS
2005-08-01,CanESM5,od550aer,0.000007148237515684527,0.000007148237515684527,0.000007148237515684527,0.000007148237515684527,CRPS
2005-08-01,CanESM5,pr,1.4013418680932988e-05,1.4013418680932988e-05,1.4013418680932988e-05,1.4013418680932988e-05,CRPS
2005-08-01,CanESM5,tas,1.4172482115945924,1.4172482115945924,1.4172482115945924,1.4172482115945924,CRPS
2005-08-01,CanESM5,tos,0.9597493453643611,0.9597493453643611,0.9597493453643611,0.9597493453643611,CRPS
2005-08-01,MPI-ESM1-2-LR,clt,11.557146651692104,11.557146651692104,11.557146651692104,11.557146651692104,CRPS
2005-08-01,MPI-ESM1-2-LR,od550aer,0.00000735050634820374,0.00000735050634820374,0.00000735050634820374,0.00000735050634820374,CRPS
2005-08-01,MPI-ESM1-2-LR,pr,1.33756947232615e-05,1.33756947232615e-05,1.33756947232615e-05,1.33756947232615e-05,CRPS
2005-08-01,MPI-ESM1-2-LR,tas,1.4283062937481823,1.4283062937481823,1.4283062937481823,1.4283062937481823,CRPS
2005-08-01,MPI-ESM1-2-LR,tos,1.1157677805093575,1.1157677805093575,1.1157677805093575,1.1157677805093575,CRPS
2005-08-01,NorESM2-LM,clt,12.628873868554185,12.628873868554185,12.628873868554185,12.628873868554185,CRPS
2005-08-01,NorESM2-LM,pr,1.3548584747240317e-05,1.3548584747240317e-05,1.3548584747240317e-05,1.3548584747240317e-05,CRPS
2005-08-01,NorESM2-LM,tas,1.3716727973316514,1.3716727973316514,1.3716727973316514,1.3716727973316514,CRPS
2005-08-01,NorESM2-LM,tos,1.0986516436789575,1.0986516436789575,1.0986516436789575,1.0986516436789575,CRPS
2005-09-01,CESM2,clt,10.62971375946107,10.62971375946107,10.62971375946107,10.62971375946107,CRPS
2005-09-01,CESM2,od550aer,0.00000705333058495257,0.00000705333058495257,0.00000705333058495257,0.00000705333058495257,CRPS
2005-09-01,CESM2,pr,1.2112267395473395e-05,1.2112267395473395e-05,1.2112267395473395e-05,1.2112267395473395e-05,CRPS
2005-09-01,CESM2,tas,1.166571048830504,1.166571048830504,1.166571048830504,1.166571048830504,CRPS
2005-09-01,CESM2,tos,0.8258123050444518,0.8258123050444518,0.8258123050444518,0.8258123050444518,CRPS
2005-09-01,CESM2-WACCM,clt,10.518743570882648,10.518743570882648,10.518743570882648,10.518743570882648,CRPS
2005-09-01,CESM2-WACCM,od550aer,0.000006537758182870836,0.000006537758182870836,0.000006537758182870836,0.000006537758182870836,CRPS
2005-09-01,CESM2-WACCM,pr,1.2158512663751052e-05,1.2158512663751052e-05,1.2158512663751052e-05,1.2158512663751052e-05,CRPS
2005-09-01,CESM2-WACCM,tas,1.1156480504153428,1.1156480504153428,1.1156480504153428,1.1156480504153428,CRPS
2005-09-01,CESM2-WACCM,tos,0.8567665076362392,0.8567665076362392,0.8567665076362392,0.8567665076362392,CRPS
2005-09-01,CanESM5,clt,10.904863421469905,10.904863421469905,10.904863421469905,10.904863421469905,CRPS
2005-09-01,CanESM5,od550aer,0.00000888178809891036,0.00000888178809891036,0.00000888178809891036,0.00000888178809891036,CRPS
2005-09-01,CanESM5,pr,1.404781514389199e-05,1.404781514389199e-05,1.404781514389199e-05,1.404781514389199e-05,CRPS
2005-09-01,CanESM5,tas,1.3673095946932814,1.3673095946932814,1.3673095946932814,1.3673095946932814,CRPS
2005-09-01,CanESM5,tos,0.9621026664825292,0.9621026664825292,0.9621026664825292,0.9621026664825292,CRPS
2005-09-01,MPI-ESM1-2-LR,clt,11.357321381096655,11.357321381096655,11.357321381096655,11.357321381096655,CRPS
2005-09-01,MPI-ESM1-2-LR,od550aer,0.000007678615781950417,0.000007678615781950417,0.000007678615781950417,0.000007678615781950417,CRPS
2005-09-01,MPI-ESM1-2-LR,pr,1.2694197657271705e-05,1.2694197657271705e-05,1.2694197657271705e-05,1.2694197657271705e-05,CRPS
2005-09-01,MPI-ESM1-2-LR,tas,1.3038867936799796,1.3038867936799796,1.3038867936799796,1.3038867936799796,CRPS
2005-09-01,MPI-ESM1-2-LR,tos,1.082157697152298,1.082157697152298,1.082157697152298,1.082157697152298,CRPS
2005-09-01,NorESM2-LM,clt,11.554823192357759,11.554823192357759,11.554823192357759,11.554823192357759,CRPS
2005-09-01,NorESM2-LM,pr,1.3475467791013872e-05,1.3475467791013872e-05,1.3475467791013872e-05,1.3475467791013872e-05,CRPS
2005-09-01,NorESM2-LM,tas,1.2325705633492015,1.2325705633492015,1.2325705633492015,1.2325705633492015,CRPS
2005-09-01,NorESM2-LM,tos,1.059303072394353,1.059303072394353,1.059303072394353,1.059303072394353,CRPS
2005-10-01,CESM2,clt,10.128134977100482,10.128134977100482,10.128134977100482,10.128134977100482,CRPS
2005-10-01,CESM2,od550aer,0.000005621818287394004,0.000005621818287394004,0.000005621818287394004,0.000005621818287394004,CRPS
2005-10-01,CESM2,pr,1.3102296047924642e-05,1.3102296047924642e-05,1.3102296047924642e-05,1.3102296047924642e-05,CRPS
2005-10-01,CESM2,tas,1.2436705285605478,1.2436705285605478,1.2436705285605478,1.2436705285605478,CRPS
2005-10-01,CESM2,tos,0.8407839263712799,0.8407839263712799,0.8407839263712799,0.8407839263712799,CRPS
2005-10-01,CESM2-WACCM,clt,10.279038430518915,10.279038430518915,10.279038430518915,10.279038430518915,CRPS
2005-10-01,CESM2-WACCM,od550aer,0.000005789164335833534,0.000005789164335833534,0.000005789164335833534,0.000005789164335833534,CRPS
2005-10-01,CESM2-WACCM,pr,1.2302447016930088e-05,1.2302447016930088e-05,1.2302447016930088e-05,1.2302447016930088e-05,CRPS
2005-10-01,CESM2-WACCM,tas,1.264011003889466,1.264011003889466,1.264011003889466,1.264011003889466,CRPS
2005-10-01,CESM2-WACCM,tos,0.8566669830219569,0.8566669830219569,0.8566669830219569,0.8566669830219569,CRPS
2005-10-01,CanESM5,clt,10.143950846545268,10.143950846545268,10.143950846545268,10.143950846545268,CRPS
2005-10-01,CanESM5,od550aer,0.11252690158575962,0.11252690158575962,0.11252690158575962,0.11252690158575962,CRPS
2005-10-01,CanESM5,pr,1.2983275982261913e-05,1.2983275982261913e-05,1.2983275982261913e-05,1.2983275982261913e-05,CRPS
2005-10-01,CanESM5,tas,1.4995111536685832,1.4995111536685832,1.4995111536685832,1.4995111536685832,CRPS
2005-10-01,CanESM5,tos,0.9370369930645744,0.9370369930645744,0.9370369930645744,0.9370369930645744,CRPS
2005-10-01,MPI-ESM1-2-LR,clt,11.134729609920969,11.134729609920969,11.134729609920969,11.134729609920969,CRPS
2005-10-01,MPI-ESM1-2-LR,od550aer,0.000006752848962579819,0.000006752848962579819,0.000006752848962579819,0.000006752848962579819,CRPS
2005-10-01,MPI-ESM1-2-LR,pr,1.3814350728890094e-05,1.3814350728890094e-05,1.3814350728890094e-05,1.3814350728890094e-05,CRPS
2005-10-01,MPI-ESM1-2-LR,tas,1.3087289067805983,1.3087289067805983,1.3087289067805983,1.3087289067805983,CRPS
2005-10-01,MPI-ESM1-2-LR,tos,1.0407946441382092,1.0407946441382092,1.0407946441382092,1.0407946441382092,CRPS
2005-10-01,NorESM2-LM,clt,11.537020385491447,11.537020385491447,11.537020385491447,11.537020385491447,CRPS
2005-10-01,NorESM2-LM,pr,1.2785203582723842e-05,1.2785203582723842e-05,1.2785203582723842e-05,1.2785203582723842e-05,CRPS
2005-10-01,NorESM2-LM,tas,1.255945932988943,1.255945932988943,1.255945932988943,1.255945932988943,CRPS
2005-10-01,NorESM2-LM,tos,0.9883524509743342,0.9883524509743342,0.9883524509743342,0.9883524509743342,CRPS
2005-11-01,CESM2,clt,11.082535279193994,11.082535279193994,11.082535279193994,11.082535279193994,CRPS
2005-11-01,CESM2,od550aer,0.0000056911155285351046,0.0000056911155285351046,0.0000056911155285351046,0.0000056911155285351046,CRPS
2005-11-01,CESM2,pr,1.2246550252488352e-05,1.2246550252488352e-05,1.2246550252488352e-05,1.2246550252488352e-05,CRPS
2005-11-01,CESM2,tas,1.3828623899933883,1.3828623899933883,1.3828623899933883,1.3828623899933883,CRPS
2005-11-01,CESM2,tos,0.9020836248015185,0.9020836248015185,0.9020836248015185,0.9020836248015185,CRPS
2005-11-01,CESM2-WACCM,clt,10.283662646595197,10.283662646595197,10.283662646595197,10.283662646595197,CRPS
2005-11-01,CESM2-WACCM,od550aer,0.0000054769970212013575,0.0000054769970212013575,0.0000054769970212013575,0.0000054769970212013575,CRPS
2005-11-01,CESM2-WACCM,pr,1.2153607109859288e-05,1.2153607109859288e-05,1.2153607109859288e-05,1.2153607109859288e-05,CRPS
2005-11-01,CESM2-WACCM,tas,1.3437891585422383,1.3437891585422383,1.3437891585422383,1.3437891585422383,CRPS
2005-11-01,CESM2-WACCM,tos,0.8673509383588454,0.8673509383588454,0.8673509383588454,0.8673509383588454,CRPS
2005-11-01,CanESM5,clt,10.374296851727548,10.374296851727548,10.374296851727548,10.374296851727548,CRPS
2005-11-01,CanESM5,od550aer,0.000007465619399785334,0.000007465619399785334,0.000007465619399785334,0.000007465619399785334,CRPS
2005-11-01,CanESM5,pr,1.3394606327532393e-05,1.3394606327532393e-05,1.3394606327532393e-05,1.3394606327532393e-05,CRPS
2005-11-01,CanESM5,tas,1.6223991972470277,1.6223991972470277,1.6223991972470277,1.6223991972470277,CRPS
2005-11-01,CanESM5,tos,0.9427272275114283,0.9427272275114283,0.9427272275114283,0.9427272275114283,CRPS
2005-11-01,MPI-ESM1-2-LR,clt,10.873488865824955,10.873488865824955,10.873488865824955,10.873488865824955,CRPS
2005-11-01,MPI-ESM1-2-LR,od550aer,0.000006556157336446254,0.000006556157336446254,0.000006556157336446254,0.000006556157336446254,CRPS
2005-11-01,MPI-ESM1-2-LR,pr,1.2582086584584367e-05,1.2582086584584367e-05,1.2582086584584367e-05,1.2582086584584367e-05,CRPS
2005-11-01,MPI-ESM1-2-LR,tas,1.3690774808783739,1.3690774808783739,1.3690774808783739,1.3690774808783739,CRPS
2005-11-01,MPI-ESM1-2-LR,tos,1.028783163464393,1.028783163464393,1.028783163464393,1.028783163464393,CRPS
2005-11-01,NorESM2-LM,clt,11.606573918958764,11.606573918958764,11.606573918958764,11.606573918958764,CRPS
2005-11-01,NorESM2-LM,pr,1.2392581372430736e-05,1.2392581372430736e-05,1.2392581372430736e-05,1.2392581372430736e-05,CRPS
2005-11-01,NorESM2-LM,tas,1.3766725694180209,1.3766725694180209,1.3766725694180209,1.3766725694180209,CRPS
2005-11-01,NorESM2-LM,tos,0.9778665224416854,0.9778665224416854,0.9778665224416854,0.9778665224416854,CRPS
2005-12-01,CESM2,clt,11.375996458025735,11.375996458025735,11.375996458025735,11.375996458025735,CRPS
2005-12-01,CESM2,od550aer,0.000005655309151510542,0.000005655309151510542,0.000005655309151510542,0.000005655309151510542,CRPS
2005-12-01,CESM2,pr,1.3314065151527031e-05,1.3314065151527031e-05,1.3314065151527031e-05,1.3314065151527031e-05,CRPS
2005-12-01,CESM2,tas,1.5147867681226073,1.5147867681226073,1.5147867681226073,1.5147867681226073,CRPS
2005-12-01,CESM2,tos,0.9653913009583319,0.9653913009583319,0.9653913009583319,0.9653913009583319,CRPS
2005-12-01,CESM2-WACCM,clt,10.0000026484799465775,10.0000026484799465775,10.0000026484799465775,10.0000026484799465775,CRPS
2005-12-01,CESM2-WACCM,od550aer,0.000005155792221326904,0.000005155792221326904,0.000005155792221326904,0.000005155792221326904,CRPS
2005-12-01,CESM2-WACCM,pr,1.2169917033021339e-05,1.2169917033021339e-05,1.2169917033021339e-05,1.2169917033021339e-05,CRPS
2005-12-01,CESM2-WACCM,tas,1.524737815134441,1.524737815134441,1.524737815134441,1.524737815134441,CRPS
2005-12-01,CESM2-WACCM,tos,0.89946988091392,0.89946988091392,0.89946988091392,0.89946988091392,CRPS
2005-12-01,CanESM5,clt,10.953127545795102,10.953127545795102,10.953127545795102,10.953127545795102,CRPS
2005-12-01,CanESM5,od550aer,0.000005218328162221553,0.000005218328162221553,0.000005218328162221553,0.000005218328162221553,CRPS
2005-12-01,CanESM5,pr,1.379746597548727e-05,1.379746597548727e-05,1.379746597548727e-05,1.379746597548727e-05,CRPS
2005-12-01,CanESM5,tas,1.7937598448859033,1.7937598448859033,1.7937598448859033,1.7937598448859033,CRPS
2005-12-01,CanESM5,tos,0.9966429232518796,0.9966429232518796,0.9966429232518796,0.9966429232518796,CRPS
2005-12-01,MPI-ESM1-2-LR,clt,10.596429294684162,10.596429294684162,10.596429294684162,10.596429294684162,CRPS
2005-12-01,MPI-ESM1-2-LR,od550aer,0.000005707109051052478,0.000005707109051052478,0.000005707109051052478,0.000005707109051052478,CRPS
2005-12-01,MPI-ESM1-2-LR,pr,1.3585585990347984e-05,1.3585585990347984e-05,1.3585585990347984e-05,1.3585585990347984e-05,CRPS
2005-12-01,MPI-ESM1-2-LR,tas,1.536682346162799,1.536682346162799,1.536682346162799,1.536682346162799,CRPS
2005-12-01,MPI-ESM1-2-LR,tos,1.1092530963297025,1.1092530963297025,1.1092530963297025,1.1092530963297025,CRPS
2005-12-01,NorESM2-LM,clt,12.322771877358829,12.322771877358829,12.322771877358829,12.322771877358829,CRPS
2005-12-01,NorESM2-LM,pr,1.2576114966203866e-05,1.2576114966203866e-05,1.2576114966203866e-05,1.2576114966203866e-05,CRPS
2005-12-01,NorESM2-LM,tas,1.5496842737499985,1.5496842737499985,1.5496842737499985,1.5496842737499985,CRPS
2005-12-01,NorESM2-LM,tos,1.0285744896946012,1.0285744896946012,1.0285744896946012,1.0285744896946012,CRPS
2006-01-01,CESM2,clt,11.352957845553085,11.352957845553085,11.352957845553085,11.352957845553085,CRPS
2006-01-01,CESM2,od550aer,0.000005546748455118566,0.000005546748455118566,0.000005546748455118566,0.000005546748455118566,CRPS
2006-01-01,CESM2,pr,1.2795520260099323e-05,1.2795520260099323e-05,1.2795520260099323e-05,1.2795520260099323e-05,CRPS
2006-01-01,CESM2,tas,1.5337236828450398,1.5337236828450398,1.5337236828450398,1.5337236828450398,CRPS
2006-01-01,CESM2,tos,0.981672909071233,0.981672909071233,0.981672909071233,0.981672909071233,CRPS
2006-01-01,CESM2-WACCM,clt,10.975516572951936,10.975516572951936,10.975516572951936,10.975516572951936,CRPS
2006-01-01,CESM2-WACCM,od550aer,0.000005599397658379657,0.000005599397658379657,0.000005599397658379657,0.000005599397658379657,CRPS
2006-01-01,CESM2-WACCM,pr,1.2410461405635099e-05,1.2410461405635099e-05,1.2410461405635099e-05,1.2410461405635099e-05,CRPS
2006-01-01,CESM2-WACCM,tas,1.62514454241978,1.62514454241978,1.62514454241978,1.62514454241978,CRPS
2006-01-01,CESM2-WACCM,tos,0.9391368385841052,0.9391368385841052,0.9391368385841052,0.9391368385841052,CRPS
2006-01-01,CanESM5,clt,11.719546569605482,11.719546569605482,11.719546569605482,11.719546569605482,CRPS
2006-01-01,CanESM5,od550aer,0.000005040730810488023,0.000005040730810488023,0.000005040730810488023,0.000005040730810488023,CRPS
2006-01-01,CanESM5,pr,1.4615818976619472e-05,1.4615818976619472e-05,1.4615818976619472e-05,1.4615818976619472e-05,CRPS
2006-01-01,CanESM5,tas,1.9208056591275906,1.9208056591275906,1.9208056591275906,1.9208056591275906,CRPS
2006-01-01,CanESM5,tos,1.0569228861224675,1.0569228861224675,1.0569228861224675,1.0569228861224675,CRPS
2006-01-01,MPI-ESM1-2-LR,clt,11.511906041190997,11.511906041190997,11.511906041190997,11.511906041190997,CRPS
2006-01-01,MPI-ESM1-2-LR,od550aer,0.000005743796836837121,0.000005743796836837121,0.000005743796836837121,0.000005743796836837121,CRPS
2006-01-01,MPI-ESM1-2-LR,pr,1.4023006969391784e-05,1.4023006969391784e-05,1.4023006969391784e-05,1.4023006969391784e-05,CRPS
2006-01-01,MPI-ESM1-2-LR,tas,1.652359178920383,1.652359178920383,1.652359178920383,1.652359178920383,CRPS
2006-01-01,MPI-ESM1-2-LR,tos,1.111237059390628,1.111237059390628,1.111237059390628,1.111237059390628,CRPS
2006-01-01,NorESM2-LM,clt,13.083228154527704,13.083228154527704,13.083228154527704,13.083228154527704,CRPS
2006-01-01,NorESM2-LM,pr,1.3106103916239262e-05,1.3106103916239262e-05,1.3106103916239262e-05,1.3106103916239262e-05,CRPS
2006-01-01,NorESM2-LM,tas,1.57237658386496,1.57237658386496,1.57237658386496,1.57237658386496,CRPS
2006-01-01,NorESM2-LM,tos,1.097725290589309,1.097725290589309,1.097725290589309,1.097725290589309,CRPS
2006-02-01,CESM2,clt,11.703647647503383,11.703647647503383,11.703647647503383,11.703647647503383,CRPS
2006-02-01,CESM2,od550aer,0.000005654804722146629,0.000005654804722146629,0.000005654804722146629,0.000005654804722146629,CRPS
2006-02-01,CESM2,pr,1.3154493345738266e-05,1.3154493345738266e-05,1.3154493345738266e-05,1.3154493345738266e-05,CRPS
2006-02-01,CESM2,tas,1.4491128772825312,1.4491128772825312,1.4491128772825312,1.4491128772825312,CRPS
2006-02-01,CESM2,tos,0.9377183038857378,0.9377183038857378,0.9377183038857378,0.9377183038857378,CRPS
2006-02-01,CESM2-WACCM,clt,11.480692276233267,11.480692276233267,11.480692276233267,11.480692276233267,CRPS
2006-02-01,CESM2-WACCM,od550aer,0.000005567902065236894,0.000005567902065236894,0.000005567902065236894,0.000005567902065236894,CRPS
2006-02-01,CESM2-WACCM,pr,1.2471651583400667e-05,1.2471651583400667e-05,1.2471651583400667e-05,1.2471651583400667e-05,CRPS
2006-02-01,CESM2-WACCM,tas,1.4719419608912458,1.4719419608912458,1.4719419608912458,1.4719419608912458,CRPS
2006-02-01,CESM2-WACCM,tos,0.8946510131347079,0.8946510131347079,0.8946510131347079,0.8946510131347079,CRPS
2006-02-01,CanESM5,clt,11.851759752836536,11.851759752836536,11.851759752836536,11.851759752836536,CRPS
2006-02-01,CanESM5,od550aer,0.0000046258718229122836,0.0000046258718229122836,0.0000046258718229122836,0.0000046258718229122836,CRPS
2006-02-01,CanESM5,pr,1.505191035265546e-05,1.505191035265546e-05,1.505191035265546e-05,1.505191035265546e-05,CRPS
2006-02-01,CanESM5,tas,1.7842689675966146,1.7842689675966146,1.7842689675966146,1.7842689675966146,CRPS
2006-02-01,CanESM5,tos,1.0061797405303161,1.0061797405303161,1.0061797405303161,1.0061797405303161,CRPS
2006-02-01,MPI-ESM1-2-LR,clt,12.236516641173239,12.236516641173239,12.236516641173239,12.236516641173239,CRPS
2006-02-01,MPI-ESM1-2-LR,od550aer,0.000005372088469856248,0.000005372088469856248,0.000005372088469856248,0.000005372088469856248,CRPS
2006-02-01,MPI-ESM1-2-LR,pr,1.4431620545176553e-05,1.4431620545176553e-05,1.4431620545176553e-05,1.4431620545176553e-05,CRPS
2006-02-01,MPI-ESM1-2-LR,tas,1.59955305741168,1.59955305741168,1.59955305741168,1.59955305741168,CRPS
2006-02-01,MPI-ESM1-2-LR,tos,1.0624224872019807,1.0624224872019807,1.0624224872019807,1.0624224872019807,CRPS
2006-02-01,NorESM2-LM,clt,13.630443540211191,13.630443540211191,13.630443540211191,13.630443540211191,CRPS
2006-02-01,NorESM2-LM,pr,1.3273702529847803e-05,1.3273702529847803e-05,1.3273702529847803e-05,1.3273702529847803e-05,CRPS
2006-02-01,NorESM2-LM,tas,1.3637231144242161,1.3637231144242161,1.3637231144242161,1.3637231144242161,CRPS
2006-02-01,NorESM2-LM,tos,1.078355861732563,1.078355861732563,1.078355861732563,1.078355861732563,CRPS
2006-03-01,CESM2,clt,11.625316419722314,11.625316419722314,11.625316419722314,11.625316419722314,CRPS
2006-03-01,CESM2,od550aer,0.0000061195061980445546,0.0000061195061980445546,0.0000061195061980445546,0.0000061195061980445546,CRPS
2006-03-01,CESM2,pr,1.2558631917564266e-05,1.2558631917564266e-05,1.2558631917564266e-05,1.2558631917564266e-05,CRPS
2006-03-01,CESM2,tas,1.4342214101865505,1.4342214101865505,1.4342214101865505,1.4342214101865505,CRPS
2006-03-01,CESM2,tos,0.9219167312243365,0.9219167312243365,0.9219167312243365,0.9219167312243365,CRPS
2006-03-01,CESM2-WACCM,clt,11.390707727751128,11.390707727751128,11.390707727751128,11.390707727751128,CRPS
2006-03-01,CESM2-WACCM,od550aer,0.000005944455672813669,0.000005944455672813669,0.000005944455672813669,0.000005944455672813669,CRPS
2006-03-01,CESM2-WACCM,pr,1.2957353695428133e-05,1.2957353695428133e-05,1.2957353695428133e-05,1.2957353695428133e-05,CRPS
2006-03-01,CESM2-WACCM,tas,1.3102883450686178,1.3102883450686178,1.3102883450686178,1.3102883450686178,CRPS
2006-03-01,CESM2-WACCM,tos,0.870794597977396,0.870794597977396,0.870794597977396,0.870794597977396,CRPS
2006-03-01,CanESM5,clt,10.554369962492446,10.554369962492446,10.554369962492446,10.554369962492446,CRPS
2006-03-01,CanESM5,od550aer,0.000005947014963368167,0.000005947014963368167,0.000005947014963368167,0.000005947014963368167,CRPS
2006-03-01,CanESM5,pr,1.449807067378683e-05,1.449807067378683e-05,1.449807067378683e-05,1.449807067378683e-05,CRPS
2006-03-01,CanESM5,tas,1.6419900304682946,1.6419900304682946,1.6419900304682946,1.6419900304682946,CRPS
2006-03-01,CanESM5,tos,0.9922878056514259,0.9922878056514259,0.9922878056514259,0.9922878056514259,CRPS
2006-03-01,MPI-ESM1-2-LR,clt,11.766206735281372,11.766206735281372,11.766206735281372,11.766206735281372,CRPS
2006-03-01,MPI-ESM1-2-LR,od550aer,0.00000668255757252191,0.00000668255757252191,0.00000668255757252191,0.00000668255757252191,CRPS
2006-03-01,MPI-ESM1-2-LR,pr,1.4623864903212249e-05,1.4623864903212249e-05,1.4623864903212249e-05,1.4623864903212249e-05,CRPS
2006-03-01,MPI-ESM1-2-LR,tas,1.4571816807647424,1.4571816807647424,1.4571816807647424,1.4571816807647424,CRPS
2006-03-01,MPI-ESM1-2-LR,tos,0.9867514864791324,0.9867514864791324,0.9867514864791324,0.9867514864791324,CRPS
2006-03-01,NorESM2-LM,clt,12.58383350068723,12.58383350068723,12.58383350068723,12.58383350068723,CRPS
2006-03-01,NorESM2-LM,pr,1.4358857498082698e-05,1.4358857498082698e-05,1.4358857498082698e-05,1.4358857498082698e-05,CRPS
2006-03-01,NorESM2-LM,tas,1.3966740462057865,1.3966740462057865,1.3966740462057865,1.3966740462057865,CRPS
2006-03-01,NorESM2-LM,tos,1.0656482109827787,1.0656482109827787,1.0656482109827787,1.0656482109827787,CRPS
2006-04-01,CESM2,clt,12.248012208393872,12.248012208393872,12.248012208393872,12.248012208393872,CRPS
2006-04-01,CESM2,od550aer,0.000006667359165113204,0.000006667359165113204,0.000006667359165113204,0.000006667359165113204,CRPS
2006-04-01,CESM2,pr,1.3362876874030933e-05,1.3362876874030933e-05,1.3362876874030933e-05,1.3362876874030933e-05,CRPS
2006-04-01,CESM2,tas,1.471275656033279,1.471275656033279,1.471275656033279,1.471275656033279,CRPS
2006-04-01,CESM2,tos,0.8786341026233141,0.8786341026233141,0.8786341026233141,0.8786341026233141,CRPS
2006-04-01,CESM2-WACCM,clt,11.652925335106485,11.652925335106485,11.652925335106485,11.652925335106485,CRPS
2006-04-01,CESM2-WACCM,od550aer,0.000006856612482357191,0.000006856612482357191,0.000006856612482357191,0.000006856612482357191,CRPS
2006-04-01,CESM2-WACCM,pr,1.2204461331032017e-05,1.2204461331032017e-05,1.2204461331032017e-05,1.2204461331032017e-05,CRPS
2006-04-01,CESM2-WACCM,tas,1.3164017464174291,1.3164017464174291,1.3164017464174291,1.3164017464174291,CRPS
2006-04-01,CESM2-WACCM,tos,0.8527901302413247,0.8527901302413247,0.8527901302413247,0.8527901302413247,CRPS
2006-04-01,CanESM5,clt,10.616290998857679,10.616290998857679,10.616290998857679,10.616290998857679,CRPS
2006-04-01,CanESM5,od550aer,0.0000059170273118416536,0.0000059170273118416536,0.0000059170273118416536,0.0000059170273118416536,CRPS
2006-04-01,CanESM5,pr,1.4313758680659329e-05,1.4313758680659329e-05,1.4313758680659329e-05,1.4313758680659329e-05,CRPS
2006-04-01,CanESM5,tas,1.5329550656964472,1.5329550656964472,1.5329550656964472,1.5329550656964472,CRPS
2006-04-01,CanESM5,tos,0.9695412293203365,0.9695412293203365,0.9695412293203365,0.9695412293203365,CRPS
2006-04-01,MPI-ESM1-2-LR,clt,12.60680362526757,12.60680362526757,12.60680362526757,12.60680362526757,CRPS
2006-04-01,MPI-ESM1-2-LR,od550aer,0.000006903803108151173,0.000006903803108151173,0.000006903803108151173,0.000006903803108151173,CRPS
2006-04-01,MPI-ESM1-2-LR,pr,1.5622303536940957e-05,1.5622303536940957e-05,1.5622303536940957e-05,1.5622303536940957e-05,CRPS
2006-04-01,MPI-ESM1-2-LR,tas,1.5228335457987696,1.5228335457987696,1.5228335457987696,1.5228335457987696,CRPS
2006-04-01,MPI-ESM1-2-LR,tos,0.9774047116538087,0.9774047116538087,0.9774047116538087,0.9774047116538087,CRPS
2006-04-01,NorESM2-LM,clt,13.103741637012915,13.103741637012915,13.103741637012915,13.103741637012915,CRPS
2006-04-01,NorESM2-LM,pr,1.4100419082209433e-05,1.4100419082209433e-05,1.4100419082209433e-05,1.4100419082209433e-05,CRPS
2006-04-01,NorESM2-LM,tas,1.4183040880375435,1.4183040880375435,1.4183040880375435,1.4183040880375435,CRPS
2006-04-01,NorESM2-LM,tos,1.068145155023931,1.068145155023931,1.068145155023931,1.068145155023931,CRPS
2006-05-01,CESM2,clt,11.647911701654246,11.647911701654246,11.647911701654246,11.647911701654246,CRPS
2006-05-01,CESM2,od550aer,0.000007363017708948047,0.000007363017708948047,0.000007363017708948047,0.000007363017708948047,CRPS
2006-05-01,CESM2,pr,1.3580552924029188e-05,1.3580552924029188e-05,1.3580552924029188e-05,1.3580552924029188e-05,CRPS
2006-05-01,CESM2,tas,1.2187291020422255,1.2187291020422255,1.2187291020422255,1.2187291020422255,CRPS
2006-05-01,CESM2,tos,0.9251044986639119,0.9251044986639119,0.9251044986639119,0.9251044986639119,CRPS
2006-05-01,CESM2-WACCM,clt,11.261123199434932,11.261123199434932,11.261123199434932,11.261123199434932,CRPS
2006-05-01,CESM2-WACCM,od550aer,0.000006997740044504584,0.000006997740044504584,0.000006997740044504584,0.000006997740044504584,CRPS
2006-05-01,CESM2-WACCM,pr,1.2132243933629972e-05,1.2132243933629972e-05,1.2132243933629972e-05,1.2132243933629972e-05,CRPS
2006-05-01,CESM2-WACCM,tas,1.207642018993629,1.207642018993629,1.207642018993629,1.207642018993629,CRPS
2006-05-01,CESM2-WACCM,tos,0.8802362677204527,0.8802362677204527,0.8802362677204527,0.8802362677204527,CRPS
2006-05-01,CanESM5,clt,10.410651903926144,10.410651903926144,10.410651903926144,10.410651903926144,CRPS
2006-05-01,CanESM5,od550aer,0.0000055545149552370006,0.0000055545149552370006,0.0000055545149552370006,0.0000055545149552370006,CRPS
2006-05-01,CanESM5,pr,1.4057314483944475e-05,1.4057314483944475e-05,1.4057314483944475e-05,1.4057314483944475e-05,CRPS
2006-05-01,CanESM5,tas,1.3598072838576258,1.3598072838576258,1.3598072838576258,1.3598072838576258,CRPS
2006-05-01,CanESM5,tos,0.9073672561243779,0.9073672561243779,0.9073672561243779,0.9073672561243779,CRPS
2006-05-01,MPI-ESM1-2-LR,clt,11.066314140707151,11.066314140707151,11.066314140707151,11.066314140707151,CRPS
2006-05-01,MPI-ESM1-2-LR,od550aer,0.000006933998560506055,0.000006933998560506055,0.000006933998560506055,0.000006933998560506055,CRPS
2006-05-01,MPI-ESM1-2-LR,pr,1.5227624147792415e-05,1.5227624147792415e-05,1.5227624147792415e-05,1.5227624147792415e-05,CRPS
2006-05-01,MPI-ESM1-2-LR,tas,1.4885064936879258,1.4885064936879258,1.4885064936879258,1.4885064936879258,CRPS
2006-05-01,MPI-ESM1-2-LR,tos,0.9709938721303737,0.9709938721303737,0.9709938721303737,0.9709938721303737,CRPS
2006-05-01,NorESM2-LM,clt,11.908623891373363,11.908623891373363,11.908623891373363,11.908623891373363,CRPS
2006-05-01,NorESM2-LM,pr,1.3256841743167235e-05,1.3256841743167235e-05,1.3256841743167235e-05,1.3256841743167235e-05,CRPS
2006-05-01,NorESM2-LM,tas,1.318718350900638,1.318718350900638,1.318718350900638,1.318718350900638,CRPS
2006-05-01,NorESM2-LM,tos,1.0149555349652168,1.0149555349652168,1.0149555349652168,1.0149555349652168,CRPS
2006-06-01,CESM2,clt,11.480726588984533,11.480726588984533,11.480726588984533,11.480726588984533,CRPS
2006-06-01,CESM2,od550aer,0.000007479970171188977,0.000007479970171188977,0.000007479970171188977,0.000007479970171188977,CRPS
2006-06-01,CESM2,pr,1.2776494333804492e-05,1.2776494333804492e-05,1.2776494333804492e-05,1.2776494333804492e-05,CRPS
2006-06-01,CESM2,tas,1.2883131978853604,1.2883131978853604,1.2883131978853604,1.2883131978853604,CRPS
2006-06-01,CESM2,tos,0.9552166542396362,0.9552166542396362,0.9552166542396362,0.9552166542396362,CRPS
2006-06-01,CESM2-WACCM,clt,10.699965585670524,10.699965585670524,10.699965585670524,10.699965585670524,CRPS
2006-06-01,CESM2-WACCM,od550aer,0.000007349317450667087,0.000007349317450667087,0.000007349317450667087,0.000007349317450667087,CRPS
2006-06-01,CESM2-WACCM,pr,1.1304049997031414e-05,1.1304049997031414e-05,1.1304049997031414e-05,1.1304049997031414e-05,CRPS
2006-06-01,CESM2-WACCM,tas,1.3194270287123326,1.3194270287123326,1.3194270287123326,1.3194270287123326,CRPS
2006-06-01,CESM2-WACCM,tos,0.8889616715043297,0.8889616715043297,0.8889616715043297,0.8889616715043297,CRPS
2006-06-01,CanESM5,clt,10.94525573100193,10.94525573100193,10.94525573100193,10.94525573100193,CRPS
2006-06-01,CanESM5,od550aer,0.0000057940637555595,0.0000057940637555595,0.0000057940637555595,0.0000057940637555595,CRPS
2006-06-01,CanESM5,pr,1.3441887933648187e-05,1.3441887933648187e-05,1.3441887933648187e-05,1.3441887933648187e-05,CRPS
2006-06-01,CanESM5,tas,1.3158830956891558,1.3158830956891558,1.3158830956891558,1.3158830956891558,CRPS
2006-06-01,CanESM5,tos,0.882533857549797,0.882533857549797,0.882533857549797,0.882533857549797,CRPS
2006-06-01,MPI-ESM1-2-LR,clt,11.114405502046854,11.114405502046854,11.114405502046854,11.114405502046854,CRPS
2006-06-01,MPI-ESM1-2-LR,od550aer,0.000007303011812708292,0.000007303011812708292,0.000007303011812708292,0.000007303011812708292,CRPS
2006-06-01,MPI-ESM1-2-LR,pr,1.4210047977933537e-05,1.4210047977933537e-05,1.4210047977933537e-05,1.4210047977933537e-05,CRPS
2006-06-01,MPI-ESM1-2-LR,tas,1.5064618837747736,1.5064618837747736,1.5064618837747736,1.5064618837747736,CRPS
2006-06-01,MPI-ESM1-2-LR,tos,1.0042864149920658,1.0042864149920658,1.0042864149920658,1.0042864149920658,CRPS
2006-06-01,NorESM2-LM,clt,12.527020541665928,12.527020541665928,12.527020541665928,12.527020541665928,CRPS
2006-06-01,NorESM2-LM,pr,1.2184835005407131e-05,1.2184835005407131e-05,1.2184835005407131e-05,1.2184835005407131e-05,CRPS
2006-06-01,NorESM2-LM,tas,1.3264357932797088,1.3264357932797088,1.3264357932797088,1.3264357932797088,CRPS
2006-06-01,NorESM2-LM,tos,1.0257866217084795,1.0257866217084795,1.0257866217084795,1.0257866217084795,CRPS
2006-07-01,CESM2,clt,10.82835817996582,10.82835817996582,10.82835817996582,10.82835817996582,CRPS
2006-07-01,CESM2,od550aer,0.000007981602497311363,0.000007981602497311363,0.000007981602497311363,0.000007981602497311363,CRPS
2006-07-01,CESM2,pr,1.3050613930655464e-05,1.3050613930655464e-05,1.3050613930655464e-05,1.3050613930655464e-05,CRPS
2006-07-01,CESM2,tas,1.3199182733551778,1.3199182733551778,1.3199182733551778,1.3199182733551778,CRPS
2006-07-01,CESM2,tos,0.966485548836897,0.966485548836897,0.966485548836897,0.966485548836897,CRPS
2006-07-01,CESM2-WACCM,clt,10.856828744168709,10.856828744168709,10.856828744168709,10.856828744168709,CRPS
2006-07-01,CESM2-WACCM,od550aer,0.000008066600664151562,0.000008066600664151562,0.000008066600664151562,0.000008066600664151562,CRPS
2006-07-01,CESM2-WACCM,pr,1.296679669512119e-05,1.296679669512119e-05,1.296679669512119e-05,1.296679669512119e-05,CRPS
2006-07-01,CESM2-WACCM,tas,1.330840628882185,1.330840628882185,1.330840628882185,1.330840628882185,CRPS
2006-07-01,CESM2-WACCM,tos,0.9352047551317693,0.9352047551317693,0.9352047551317693,0.9352047551317693,CRPS
2006-07-01,CanESM5,clt,11.793222621289242,11.793222621289242,11.793222621289242,11.793222621289242,CRPS
2006-07-01,CanESM5,od550aer,0.000007420381037592769,0.000007420381037592769,0.000007420381037592769,0.000007420381037592769,CRPS
2006-07-01,CanESM5,pr,1.4680956320423799e-05,1.4680956320423799e-05,1.4680956320423799e-05,1.4680956320423799e-05,CRPS
2006-07-01,CanESM5,tas,1.5245312245431393,1.5245312245431393,1.5245312245431393,1.5245312245431393,CRPS
2006-07-01,CanESM5,tos,0.9162787777193202,0.9162787777193202,0.9162787777193202,0.9162787777193202,CRPS
2006-07-01,MPI-ESM1-2-LR,clt,12.167844134829272,12.167844134829272,12.167844134829272,12.167844134829272,CRPS
2006-07-01,MPI-ESM1-2-LR,od550aer,0.000008040585895234366,0.000008040585895234366,0.000008040585895234366,0.000008040585895234366,CRPS
2006-07-01,MPI-ESM1-2-LR,pr,1.4964472932608822e-05,1.4964472932608822e-05,1.4964472932608822e-05,1.4964472932608822e-05,CRPS
2006-07-01,MPI-ESM1-2-LR,tas,1.6304230490786644,1.6304230490786644,1.6304230490786644,1.6304230490786644,CRPS
2006-07-01,MPI-ESM1-2-LR,tos,1.0588096833740255,1.0588096833740255,1.0588096833740255,1.0588096833740255,CRPS
2006-07-01,NorESM2-LM,clt,12.753195964674786,12.753195964674786,12.753195964674786,12.753195964674786,CRPS
2006-07-01,NorESM2-LM,pr,1.2976870233554106e-05,1.2976870233554106e-05,1.2976870233554106e-05,1.2976870233554106e-05,CRPS
2006-07-01,NorESM2-LM,tas,1.3071143260158324,1.3071143260158324,1.3071143260158324,1.3071143260158324,CRPS
2006-07-01,NorESM2-LM,tos,1.060812138803465,1.060812138803465,1.060812138803465,1.060812138803465,CRPS
2006-08-01,CESM2,clt,10.574793620219232,10.574793620219232,10.574793620219232,10.574793620219232,CRPS
2006-08-01,CESM2,od550aer,0.00000662721061939178,0.00000662721061939178,0.00000662721061939178,0.00000662721061939178,CRPS
2006-08-01,CESM2,pr,1.1897484826106274e-05,1.1897484826106274e-05,1.1897484826106274e-05,1.1897484826106274e-05,CRPS
2006-08-01,CESM2,tas,1.241723297583063,1.241723297583063,1.241723297583063,1.241723297583063,CRPS
2006-08-01,CESM2,tos,0.893686607276517,0.893686607276517,0.893686607276517,0.893686607276517,CRPS
2006-08-01,CESM2-WACCM,clt,10.166192138797129,10.166192138797129,10.166192138797129,10.166192138797129,CRPS
2006-08-01,CESM2-WACCM,od550aer,0.000006648517528119821,0.000006648517528119821,0.000006648517528119821,0.000006648517528119821,CRPS
2006-08-01,CESM2-WACCM,pr,1.1454007821298162e-05,1.1454007821298162e-05,1.1454007821298162e-05,1.1454007821298162e-05,CRPS
2006-08-01,CESM2-WACCM,tas,1.2005823195488592,1.2005823195488592,1.2005823195488592,1.2005823195488592,CRPS
2006-08-01,CESM2-WACCM,tos,0.8811712287745005,0.8811712287745005,0.8811712287745005,0.8811712287745005,CRPS
2006-08-01,CanESM5,clt,12.151141451673132,12.151141451673132,12.151141451673132,12.151141451673132,CRPS
2006-08-01,CanESM5,od550aer,0.000007288464558571907,0.000007288464558571907,0.000007288464558571907,0.000007288464558571907,CRPS
2006-08-01,CanESM5,pr,1.4274034383393572e-05,1.4274034383393572e-05,1.4274034383393572e-05,1.4274034383393572e-05,CRPS
2006-08-01,CanESM5,tas,1.3807252184227943,1.3807252184227943,1.3807252184227943,1.3807252184227943,CRPS
2006-08-01,CanESM5,tos,0.9089647744595792,0.9089647744595792,0.9089647744595792,0.9089647744595792,CRPS
2006-08-01,MPI-ESM1-2-LR,clt,11.425034401162172,11.425034401162172,11.425034401162172,11.425034401162172,CRPS
2006-08-01,MPI-ESM1-2-LR,od550aer,0.000006529562644323621,0.000006529562644323621,0.000006529562644323621,0.000006529562644323621,CRPS
2006-08-01,MPI-ESM1-2-LR,pr,1.3343453987788888e-05,1.3343453987788888e-05,1.3343453987788888e-05,1.3343453987788888e-05,CRPS
2006-08-01,MPI-ESM1-2-LR,tas,1.4886327307562102,1.4886327307562102,1.4886327307562102,1.4886327307562102,CRPS
2006-08-01,MPI-ESM1-2-LR,tos,1.0993732877979407,1.0993732877979407,1.0993732877979407,1.0993732877979407,CRPS
2006-08-01,NorESM2-LM,clt,12.30007925633909,12.30007925633909,12.30007925633909,12.30007925633909,CRPS
2006-08-01,NorESM2-LM,pr,1.2941465384232316e-05,1.2941465384232316e-05,1.2941465384232316e-05,1.2941465384232316e-05,CRPS
2006-08-01,NorESM2-LM,tas,1.270178190874705,1.270178190874705,1.270178190874705,1.270178190874705,CRPS
2006-08-01,NorESM2-LM,tos,1.0338910979858666,1.0338910979858666,1.0338910979858666,1.0338910979858666,CRPS
2006-09-01,CESM2,clt,9.853024869953297,9.853024869953297,9.853024869953297,9.853024869953297,CRPS
2006-09-01,CESM2,od550aer,0.000006269510465943867,0.000006269510465943867,0.000006269510465943867,0.000006269510465943867,CRPS
2006-09-01,CESM2,pr,1.232198676218962e-05,1.232198676218962e-05,1.232198676218962e-05,1.232198676218962e-05,CRPS
2006-09-01,CESM2,tas,1.1824534175332413,1.1824534175332413,1.1824534175332413,1.1824534175332413,CRPS
2006-09-01,CESM2,tos,0.8420378612051405,0.8420378612051405,0.8420378612051405,0.8420378612051405,CRPS
2006-09-01,CESM2-WACCM,clt,10.562469532303792,10.562469532303792,10.562469532303792,10.562469532303792,CRPS
2006-09-01,CESM2-WACCM,od550aer,0.0000062029194836213414,0.0000062029194836213414,0.0000062029194836213414,0.0000062029194836213414,CRPS
2006-09-01,CESM2-WACCM,pr,1.2697415089201086e-05,1.2697415089201086e-05,1.2697415089201086e-05,1.2697415089201086e-05,CRPS
2006-09-01,CESM2-WACCM,tas,1.1681803398261088,1.1681803398261088,1.1681803398261088,1.1681803398261088,CRPS
2006-09-01,CESM2-WACCM,tos,0.824060684609525,0.824060684609525,0.824060684609525,0.824060684609525,CRPS
2006-09-01,CanESM5,clt,10.740217088531292,10.740217088531292,10.740217088531292,10.740217088531292,CRPS
2006-09-01,CanESM5,od550aer,0.000007308586785554215,0.000007308586785554215,0.000007308586785554215,0.000007308586785554215,CRPS
2006-09-01,CanESM5,pr,1.4265652244762181e-05,1.4265652244762181e-05,1.4265652244762181e-05,1.4265652244762181e-05,CRPS
2006-09-01,CanESM5,tas,1.407105465594234,1.407105465594234,1.407105465594234,1.407105465594234,CRPS
2006-09-01,CanESM5,tos,0.9039638571669033,0.9039638571669033,0.9039638571669033,0.9039638571669033,CRPS
2006-09-01,MPI-ESM1-2-LR,clt,11.013272494923072,11.013272494923072,11.013272494923072,11.013272494923072,CRPS
2006-09-01,MPI-ESM1-2-LR,od550aer,0.000006426700976200304,0.000006426700976200304,0.000006426700976200304,0.000006426700976200304,CRPS
2006-09-01,MPI-ESM1-2-LR,pr,1.3981445756910242e-05,1.3981445756910242e-05,1.3981445756910242e-05,1.3981445756910242e-05,CRPS
2006-09-01,MPI-ESM1-2-LR,tas,1.3893029687457097,1.3893029687457097,1.3893029687457097,1.3893029687457097,CRPS
2006-09-01,MPI-ESM1-2-LR,tos,1.0652052520090955,1.0652052520090955,1.0652052520090955,1.0652052520090955,CRPS
2006-09-01,NorESM2-LM,clt,11.39745318211335,11.39745318211335,11.39745318211335,11.39745318211335,CRPS
2006-09-01,NorESM2-LM,pr,1.3455899374370363e-05,1.3455899374370363e-05,1.3455899374370363e-05,1.3455899374370363e-05,CRPS
2006-09-01,NorESM2-LM,tas,1.2441848214376736,1.2441848214376736,1.2441848214376736,1.2441848214376736,CRPS
2006-09-01,NorESM2-LM,tos,1.0137976828181798,1.0137976828181798,1.0137976828181798,1.0137976828181798,CRPS
2006-10-01,CESM2,clt,9.498847602948388,9.498847602948388,9.498847602948388,9.498847602948388,CRPS
2006-10-01,CESM2,od550aer,0.000006683584253906019,0.000006683584253906019,0.000006683584253906019,0.000006683584253906019,CRPS
2006-10-01,CESM2,pr,1.1490903320063205e-05,1.1490903320063205e-05,1.1490903320063205e-05,1.1490903320063205e-05,CRPS
2006-10-01,CESM2,tas,1.3672923991966888,1.3672923991966888,1.3672923991966888,1.3672923991966888,CRPS
2006-10-01,CESM2,tos,0.8365750529994361,0.8365750529994361,0.8365750529994361,0.8365750529994361,CRPS
2006-10-01,CESM2-WACCM,clt,10.259682544025683,10.259682544025683,10.259682544025683,10.259682544025683,CRPS
2006-10-01,CESM2-WACCM,od550aer,0.000006413708272265697,0.000006413708272265697,0.000006413708272265697,0.000006413708272265697,CRPS
2006-10-01,CESM2-WACCM,pr,1.1909807081886537e-05,1.1909807081886537e-05,1.1909807081886537e-05,1.1909807081886537e-05,CRPS
2006-10-01,CESM2-WACCM,tas,1.2866894191422724,1.2866894191422724,1.2866894191422724,1.2866894191422724,CRPS
2006-10-01,CESM2-WACCM,tos,0.8289208607747306,0.8289208607747306,0.8289208607747306,0.8289208607747306,CRPS
2006-10-01,CanESM5,clt,10.196284076439579,10.196284076439579,10.196284076439579,10.196284076439579,CRPS
2006-10-01,CanESM5,od550aer,0.000008315891411684218,0.000008315891411684218,0.000008315891411684218,0.000008315891411684218,CRPS
2006-10-01,CanESM5,pr,1.378994022493674e-05,1.378994022493674e-05,1.378994022493674e-05,1.378994022493674e-05,CRPS
2006-10-01,CanESM5,tas,1.6201309997842184,1.6201309997842184,1.6201309997842184,1.6201309997842184,CRPS
2006-10-01,CanESM5,tos,0.8990730436824407,0.8990730436824407,0.8990730436824407,0.8990730436824407,CRPS
2006-10-01,MPI-ESM1-2-LR,clt,11.07319470948978,11.07319470948978,11.07319470948978,11.07319470948978,CRPS
2006-10-01,MPI-ESM1-2-LR,od550aer,0.000007602349800348661,0.000007602349800348661,0.000007602349800348661,0.000007602349800348661,CRPS
2006-10-01,MPI-ESM1-2-LR,pr,1.4395487345367644e-05,1.4395487345367644e-05,1.4395487345367644e-05,1.4395487345367644e-05,CRPS
2006-10-01,MPI-ESM1-2-LR,tas,1.365847764088016,1.365847764088016,1.365847764088016,1.365847764088016,CRPS
2006-10-01,MPI-ESM1-2-LR,tos,1.042998555647496,1.042998555647496,1.042998555647496,1.042998555647496,CRPS
2006-10-01,NorESM2-LM,clt,11.975206793919567,11.975206793919567,11.975206793919567,11.975206793919567,CRPS
2006-10-01,NorESM2-LM,pr,1.3733638076141576e-05,1.3733638076141576e-05,1.3733638076141576e-05,1.3733638076141576e-05,CRPS
2006-10-01,NorESM2-LM,tas,1.3029131874327147,1.3029131874327147,1.3029131874327147,1.3029131874327147,CRPS
2006-10-01,NorESM2-LM,tos,0.9841618402820821,0.9841618402820821,0.9841618402820821,0.9841618402820821,CRPS
2006-11-01,CESM2,clt,10.767650389311646,10.767650389311646,10.767650389311646,10.767650389311646,CRPS
2006-11-01,CESM2,od550aer,0.000005877228950443167,0.000005877228950443167,0.000005877228950443167,0.000005877228950443167,CRPS
2006-11-01,CESM2,pr,1.219343962070218e-05,1.219343962070218e-05,1.219343962070218e-05,1.219343962070218e-05,CRPS
2006-11-01,CESM2,tas,1.4752504397013975,1.4752504397013975,1.4752504397013975,1.4752504397013975,CRPS
2006-11-01,CESM2,tos,0.8267456603751634,0.8267456603751634,0.8267456603751634,0.8267456603751634,CRPS
2006-11-01,CESM2-WACCM,clt,10.0000082064291106759,10.0000082064291106759,10.0000082064291106759,10.0000082064291106759,CRPS
2006-11-01,CESM2-WACCM,od550aer,0.0000056909629200965386,0.0000056909629200965386,0.0000056909629200965386,0.0000056909629200965386,CRPS
2006-11-01,CESM2-WACCM,pr,1.1751744519078907e-05,1.1751744519078907e-05,1.1751744519078907e-05,1.1751744519078907e-05,CRPS
2006-11-01,CESM2-WACCM,tas,1.3000071965710347,1.3000071965710347,1.3000071965710347,1.3000071965710347,CRPS
2006-11-01,CESM2-WACCM,tos,0.7954629259608077,0.7954629259608077,0.7954629259608077,0.7954629259608077,CRPS
2006-11-01,CanESM5,clt,10.77911095006392,10.77911095006392,10.77911095006392,10.77911095006392,CRPS
2006-11-01,CanESM5,od550aer,0.000006932776893166177,0.000006932776893166177,0.000006932776893166177,0.000006932776893166177,CRPS
2006-11-01,CanESM5,pr,1.3712720601537923e-05,1.3712720601537923e-05,1.3712720601537923e-05,1.3712720601537923e-05,CRPS
2006-11-01,CanESM5,tas,1.559078997828023,1.559078997828023,1.559078997828023,1.559078997828023,CRPS
2006-11-01,CanESM5,tos,0.8466276539602777,0.8466276539602777,0.8466276539602777,0.8466276539602777,CRPS
2006-11-01,MPI-ESM1-2-LR,clt,10.800127622214735,10.800127622214735,10.800127622214735,10.800127622214735,CRPS
2006-11-01,MPI-ESM1-2-LR,od550aer,0.00000706501956725725,0.00000706501956725725,0.00000706501956725725,0.00000706501956725725,CRPS
2006-11-01,MPI-ESM1-2-LR,pr,1.3391662753952678e-05,1.3391662753952678e-05,1.3391662753952678e-05,1.3391662753952678e-05,CRPS
2006-11-01,MPI-ESM1-2-LR,tas,1.403456436812068,1.403456436812068,1.403456436812068,1.403456436812068,CRPS
2006-11-01,MPI-ESM1-2-LR,tos,1.0084692202410117,1.0084692202410117,1.0084692202410117,1.0084692202410117,CRPS
2006-11-01,NorESM2-LM,clt,12.516863156490466,12.516863156490466,12.516863156490466,12.516863156490466,CRPS
2006-11-01,NorESM2-LM,pr,1.3954506034958755e-05,1.3954506034958755e-05,1.3954506034958755e-05,1.3954506034958755e-05,CRPS
2006-11-01,NorESM2-LM,tas,1.3085259089142913,1.3085259089142913,1.3085259089142913,1.3085259089142913,CRPS
2006-11-01,NorESM2-LM,tos,0.9376950698088811,0.9376950698088811,0.9376950698088811,0.9376950698088811,CRPS
2006-12-01,CESM2,clt,10.638018160410295,10.638018160410295,10.638018160410295,10.638018160410295,CRPS
2006-12-01,CESM2,od550aer,0.0000059204560096832386,0.0000059204560096832386,0.0000059204560096832386,0.0000059204560096832386,CRPS
2006-12-01,CESM2,pr,1.1954432981875943e-05,1.1954432981875943e-05,1.1954432981875943e-05,1.1954432981875943e-05,CRPS
2006-12-01,CESM2,tas,1.3378436231225266,1.3378436231225266,1.3378436231225266,1.3378436231225266,CRPS
2006-12-01,CESM2,tos,0.868503387645262,0.868503387645262,0.868503387645262,0.868503387645262,CRPS
2006-12-01,CESM2-WACCM,clt,10.192830178123938,10.192830178123938,10.192830178123938,10.192830178123938,CRPS
2006-12-01,CESM2-WACCM,od550aer,0.000005607772874811242,0.000005607772874811242,0.000005607772874811242,0.000005607772874811242,CRPS
2006-12-01,CESM2-WACCM,pr,1.175815279391497e-05,1.175815279391497e-05,1.175815279391497e-05,1.175815279391497e-05,CRPS
2006-12-01,CESM2-WACCM,tas,1.2041189491264368,1.2041189491264368,1.2041189491264368,1.2041189491264368,CRPS
2006-12-01,CESM2-WACCM,tos,0.8275627669196046,0.8275627669196046,0.8275627669196046,0.8275627669196046,CRPS
2006-12-01,CanESM5,clt,10.557217732903004,10.557217732903004,10.557217732903004,10.557217732903004,CRPS
2006-12-01,CanESM5,od550aer,0.00000726815759309124,0.00000726815759309124,0.00000726815759309124,0.00000726815759309124,CRPS
2006-12-01,CanESM5,pr,1.389136034091609e-05,1.389136034091609e-05,1.389136034091609e-05,1.389136034091609e-05,CRPS
2006-12-01,CanESM5,tas,1.6587338728022887,1.6587338728022887,1.6587338728022887,1.6587338728022887,CRPS
2006-12-01,CanESM5,tos,0.8890726492798864,0.8890726492798864,0.8890726492798864,0.8890726492798864,CRPS
2006-12-01,MPI-ESM1-2-LR,clt,10.862508613365593,10.862508613365593,10.862508613365593,10.862508613365593,CRPS
2006-12-01,MPI-ESM1-2-LR,od550aer,0.00000753026065831508,0.00000753026065831508,0.00000753026065831508,0.00000753026065831508,CRPS
2006-12-01,MPI-ESM1-2-LR,pr,1.4439221670988404e-05,1.4439221670988404e-05,1.4439221670988404e-05,1.4439221670988404e-05,CRPS
2006-12-01,MPI-ESM1-2-LR,tas,1.4686340091748957,1.4686340091748957,1.4686340091748957,1.4686340091748957,CRPS
2006-12-01,MPI-ESM1-2-LR,tos,1.0369453393469874,1.0369453393469874,1.0369453393469874,1.0369453393469874,CRPS
2006-12-01,NorESM2-LM,clt,12.838251001708,12.838251001708,12.838251001708,12.838251001708,CRPS
2006-12-01,NorESM2-LM,pr,1.3444301728037065e-05,1.3444301728037065e-05,1.3444301728037065e-05,1.3444301728037065e-05,CRPS
2006-12-01,NorESM2-LM,tas,1.2414557246020632,1.2414557246020632,1.2414557246020632,1.2414557246020632,CRPS
2006-12-01,NorESM2-LM,tos,0.9851316150640729,0.9851316150640729,0.9851316150640729,0.9851316150640729,CRPS
2007-01-01,CESM2,clt,11.252867566525643,11.252867566525643,11.252867566525643,11.252867566525643,CRPS
2007-01-01,CESM2,od550aer,0.000006732424036098582,0.000006732424036098582,0.000006732424036098582,0.000006732424036098582,CRPS
2007-01-01,CESM2,pr,1.3666629105678964e-05,1.3666629105678964e-05,1.3666629105678964e-05,1.3666629105678964e-05,CRPS
2007-01-01,CESM2,tas,1.2907401435330983,1.2907401435330983,1.2907401435330983,1.2907401435330983,CRPS
2007-01-01,CESM2,tos,0.9127378313407529,0.9127378313407529,0.9127378313407529,0.9127378313407529,CRPS
2007-01-01,CESM2-WACCM,clt,10.807713942727226,10.807713942727226,10.807713942727226,10.807713942727226,CRPS
2007-01-01,CESM2-WACCM,od550aer,0.000006303332910367127,0.000006303332910367127,0.000006303332910367127,0.000006303332910367127,CRPS
2007-01-01,CESM2-WACCM,pr,1.273242788412581e-05,1.273242788412581e-05,1.273242788412581e-05,1.273242788412581e-05,CRPS
2007-01-01,CESM2-WACCM,tas,1.2934023361176892,1.2934023361176892,1.2934023361176892,1.2934023361176892,CRPS
2007-01-01,CESM2-WACCM,tos,0.8603418845644406,0.8603418845644406,0.8603418845644406,0.8603418845644406,CRPS
2007-01-01,CanESM5,clt,10.875317647627435,10.875317647627435,10.875317647627435,10.875317647627435,CRPS
2007-01-01,CanESM5,od550aer,0.000007327838133483879,0.000007327838133483879,0.000007327838133483879,0.000007327838133483879,CRPS
2007-01-01,CanESM5,pr,1.6002823050593483e-05,1.6002823050593483e-05,1.6002823050593483e-05,1.6002823050593483e-05,CRPS
2007-01-01,CanESM5,tas,1.7762260278216542,1.7762260278216542,1.7762260278216542,1.7762260278216542,CRPS
2007-01-01,CanESM5,tos,0.9669119316232073,0.9669119316232073,0.9669119316232073,0.9669119316232073,CRPS
2007-01-01,MPI-ESM1-2-LR,clt,11.470418453448923,11.470418453448923,11.470418453448923,11.470418453448923,CRPS
2007-01-01,MPI-ESM1-2-LR,od550aer,0.000007229141347823984,0.000007229141347823984,0.000007229141347823984,0.000007229141347823984,CRPS
2007-01-01,MPI-ESM1-2-LR,pr,1.6054878062662746e-05,1.6054878062662746e-05,1.6054878062662746e-05,1.6054878062662746e-05,CRPS
2007-01-01,MPI-ESM1-2-LR,tas,1.5989149524218795,1.5989149524218795,1.5989149524218795,1.5989149524218795,CRPS
2007-01-01,MPI-ESM1-2-LR,tos,1.1297196613986402,1.1297196613986402,1.1297196613986402,1.1297196613986402,CRPS
2007-01-01,NorESM2-LM,clt,12.40133299132024,12.40133299132024,12.40133299132024,12.40133299132024,CRPS
2007-01-01,NorESM2-LM,pr,1.3177189205276649e-05,1.3177189205276649e-05,1.3177189205276649e-05,1.3177189205276649e-05,CRPS
2007-01-01,NorESM2-LM,tas,1.2989064818806408,1.2989064818806408,1.2989064818806408,1.2989064818806408,CRPS
2007-01-01,NorESM2-LM,tos,1.1186583130031624,1.1186583130031624,1.1186583130031624,1.1186583130031624,CRPS
2007-02-01,CESM2,clt,11.602591080463862,11.602591080463862,11.602591080463862,11.602591080463862,CRPS
2007-02-01,CESM2,od550aer,0.000005801425363915349,0.000005801425363915349,0.000005801425363915349,0.000005801425363915349,CRPS
2007-02-01,CESM2,pr,1.4900014409666051e-05,1.4900014409666051e-05,1.4900014409666051e-05,1.4900014409666051e-05,CRPS
2007-02-01,CESM2,tas,1.4657861949903632,1.4657861949903632,1.4657861949903632,1.4657861949903632,CRPS
2007-02-01,CESM2,tos,0.9006531849176547,0.9006531849176547,0.9006531849176547,0.9006531849176547,CRPS
2007-02-01,CESM2-WACCM,clt,12.247922488273982,12.247922488273982,12.247922488273982,12.247922488273982,CRPS
2007-02-01,CESM2-WACCM,od550aer,0.000005864493704054795,0.000005864493704054795,0.000005864493704054795,0.000005864493704054795,CRPS
2007-02-01,CESM2-WACCM,pr,1.37100120969984e-05,1.37100120969984e-05,1.37100120969984e-05,1.37100120969984e-05,CRPS
2007-02-01,CESM2-WACCM,tas,1.496510050338101,1.496510050338101,1.496510050338101,1.496510050338101,CRPS
2007-02-01,CESM2-WACCM,tos,0.887447298420967,0.887447298420967,0.887447298420967,0.887447298420967,CRPS
2007-02-01,CanESM5,clt,11.226128738817868,11.226128738817868,11.226128738817868,11.226128738817868,CRPS
2007-02-01,CanESM5,od550aer,0.0000059897399248331505,0.0000059897399248331505,0.0000059897399248331505,0.0000059897399248331505,CRPS
2007-02-01,CanESM5,pr,1.560011231053029e-05,1.560011231053029e-05,1.560011231053029e-05,1.560011231053029e-05,CRPS
2007-02-01,CanESM5,tas,1.7846359591909304,1.7846359591909304,1.7846359591909304,1.7846359591909304,CRPS
2007-02-01,CanESM5,tos,0.9805684327833303,0.9805684327833303,0.9805684327833303,0.9805684327833303,CRPS
2007-02-01,MPI-ESM1-2-LR,clt,11.777937278990935,11.777937278990935,11.777937278990935,11.777937278990935,CRPS
2007-02-01,MPI-ESM1-2-LR,od550aer,0.00000637502877347352,0.00000637502877347352,0.00000637502877347352,0.00000637502877347352,CRPS
2007-02-01,MPI-ESM1-2-LR,pr,1.4969436244791188e-05,1.4969436244791188e-05,1.4969436244791188e-05,1.4969436244791188e-05,CRPS
2007-02-01,MPI-ESM1-2-LR,tas,1.6061994318666573,1.6061994318666573,1.6061994318666573,1.6061994318666573,CRPS
2007-02-01,MPI-ESM1-2-LR,tos,1.1358633147471078,1.1358633147471078,1.1358633147471078,1.1358633147471078,CRPS
2007-02-01,NorESM2-LM,clt,12.847482432720453,12.847482432720453,12.847482432720453,12.847482432720453,CRPS
2007-02-01,NorESM2-LM,pr,1.2583807960413934e-05,1.2583807960413934e-05,1.2583807960413934e-05,1.2583807960413934e-05,CRPS
2007-02-01,NorESM2-LM,tas,1.6534129654003518,1.6534129654003518,1.6534129654003518,1.6534129654003518,CRPS
2007-02-01,NorESM2-LM,tos,1.1050097926289917,1.1050097926289917,1.1050097926289917,1.1050097926289917,CRPS
2007-03-01,CESM2,clt,12.06848543584108,12.06848543584108,12.06848543584108,12.06848543584108,CRPS
2007-03-01,CESM2,od550aer,0.000006658162922823815,0.000006658162922823815,0.000006658162922823815,0.000006658162922823815,CRPS
2007-03-01,CESM2,pr,1.3966080707376874e-05,1.3966080707376874e-05,1.3966080707376874e-05,1.3966080707376874e-05,CRPS
2007-03-01,CESM2,tas,1.3571137127913466,1.3571137127913466,1.3571137127913466,1.3571137127913466,CRPS
2007-03-01,CESM2,tos,0.9153256762425775,0.9153256762425775,0.9153256762425775,0.9153256762425775,CRPS
2007-03-01,CESM2-WACCM,clt,11.982557152249399,11.982557152249399,11.982557152249399,11.982557152249399,CRPS
2007-03-01,CESM2-WACCM,od550aer,0.000005978950331986304,0.000005978950331986304,0.000005978950331986304,0.000005978950331986304,CRPS
2007-03-01,CESM2-WACCM,pr,1.3362063746891228e-05,1.3362063746891228e-05,1.3362063746891228e-05,1.3362063746891228e-05,CRPS
2007-03-01,CESM2-WACCM,tas,1.412061928149302,1.412061928149302,1.412061928149302,1.412061928149302,CRPS
2007-03-01,CESM2-WACCM,tos,0.891538958992629,0.891538958992629,0.891538958992629,0.891538958992629,CRPS
2007-03-01,CanESM5,clt,11.134123210494197,11.134123210494197,11.134123210494197,11.134123210494197,CRPS
2007-03-01,CanESM5,od550aer,0.000007107849619989104,0.000007107849619989104,0.000007107849619989104,0.000007107849619989104,CRPS
2007-03-01,CanESM5,pr,1.559144443893956e-05,1.559144443893956e-05,1.559144443893956e-05,1.559144443893956e-05,CRPS
2007-03-01,CanESM5,tas,1.5946882725222924,1.5946882725222924,1.5946882725222924,1.5946882725222924,CRPS
2007-03-01,CanESM5,tos,1.005842896472374,1.005842896472374,1.005842896472374,1.005842896472374,CRPS
2007-03-01,MPI-ESM1-2-LR,clt,12.665504473734057,12.665504473734057,12.665504473734057,12.665504473734057,CRPS
2007-03-01,MPI-ESM1-2-LR,od550aer,0.000007264784649667912,0.000007264784649667912,0.000007264784649667912,0.000007264784649667912,CRPS
2007-03-01,MPI-ESM1-2-LR,pr,1.5910321839094063e-05,1.5910321839094063e-05,1.5910321839094063e-05,1.5910321839094063e-05,CRPS
2007-03-01,MPI-ESM1-2-LR,tas,1.5500585741870117,1.5500585741870117,1.5500585741870117,1.5500585741870117,CRPS
2007-03-01,MPI-ESM1-2-LR,tos,1.0282522418024969,1.0282522418024969,1.0282522418024969,1.0282522418024969,CRPS
2007-03-01,NorESM2-LM,clt,13.216757352551484,13.216757352551484,13.216757352551484,13.216757352551484,CRPS
2007-03-01,NorESM2-LM,pr,1.4154727584460776e-05,1.4154727584460776e-05,1.4154727584460776e-05,1.4154727584460776e-05,CRPS
2007-03-01,NorESM2-LM,tas,1.4818523954356024,1.4818523954356024,1.4818523954356024,1.4818523954356024,CRPS
2007-03-01,NorESM2-LM,tos,1.1544902090613403,1.1544902090613403,1.1544902090613403,1.1544902090613403,CRPS
2007-04-01,CESM2,clt,11.901333877372382,11.901333877372382,11.901333877372382,11.901333877372382,CRPS
2007-04-01,CESM2,od550aer,0.000006576961868440172,0.000006576961868440172,0.000006576961868440172,0.000006576961868440172,CRPS
2007-04-01,CESM2,pr,1.3703972026612492e-05,1.3703972026612492e-05,1.3703972026612492e-05,1.3703972026612492e-05,CRPS
2007-04-01,CESM2,tas,1.316822355095753,1.316822355095753,1.316822355095753,1.316822355095753,CRPS
2007-04-01,CESM2,tos,0.939864971274598,0.939864971274598,0.939864971274598,0.939864971274598,CRPS
2007-04-01,CESM2-WACCM,clt,11.573414501849873,11.573414501849873,11.573414501849873,11.573414501849873,CRPS
2007-04-01,CESM2-WACCM,od550aer,0.000006127611274341454,0.000006127611274341454,0.000006127611274341454,0.000006127611274341454,CRPS
2007-04-01,CESM2-WACCM,pr,1.306495842145694e-05,1.306495842145694e-05,1.306495842145694e-05,1.306495842145694e-05,CRPS
2007-04-01,CESM2-WACCM,tas,1.339168595777496,1.339168595777496,1.339168595777496,1.339168595777496,CRPS
2007-04-01,CESM2-WACCM,tos,0.8928131108652603,0.8928131108652603,0.8928131108652603,0.8928131108652603,CRPS
2007-04-01,CanESM5,clt,10.967620858237451,10.967620858237451,10.967620858237451,10.967620858237451,CRPS
2007-04-01,CanESM5,od550aer,0.000006897876932489047,0.000006897876932489047,0.000006897876932489047,0.000006897876932489047,CRPS
2007-04-01,CanESM5,pr,1.4607924665408694e-05,1.4607924665408694e-05,1.4607924665408694e-05,1.4607924665408694e-05,CRPS
2007-04-01,CanESM5,tas,1.6558442687037358,1.6558442687037358,1.6558442687037358,1.6558442687037358,CRPS
2007-04-01,CanESM5,tos,0.9932976900947782,0.9932976900947782,0.9932976900947782,0.9932976900947782,CRPS
2007-04-01,MPI-ESM1-2-LR,clt,11.692203553338976,11.692203553338976,11.692203553338976,11.692203553338976,CRPS
2007-04-01,MPI-ESM1-2-LR,od550aer,0.000007288303979542228,0.000007288303979542228,0.000007288303979542228,0.000007288303979542228,CRPS
2007-04-01,MPI-ESM1-2-LR,pr,1.5023373881649863e-05,1.5023373881649863e-05,1.5023373881649863e-05,1.5023373881649863e-05,CRPS
2007-04-01,MPI-ESM1-2-LR,tas,1.5920682520975042,1.5920682520975042,1.5920682520975042,1.5920682520975042,CRPS
2007-04-01,MPI-ESM1-2-LR,tos,0.9571612890305021,0.9571612890305021,0.9571612890305021,0.9571612890305021,CRPS
2007-04-01,NorESM2-LM,clt,12.531417635068633,12.531417635068633,12.531417635068633,12.531417635068633,CRPS
2007-04-01,NorESM2-LM,pr,1.3935869127850274e-05,1.3935869127850274e-05,1.3935869127850274e-05,1.3935869127850274e-05,CRPS
2007-04-01,NorESM2-LM,tas,1.3919267986105852,1.3919267986105852,1.3919267986105852,1.3919267986105852,CRPS
2007-04-01,NorESM2-LM,tos,1.1510489868287568,1.1510489868287568,1.1510489868287568,1.1510489868287568,CRPS
2007-05-01,CESM2,clt,11.810754873769914,11.810754873769914,11.810754873769914,11.810754873769914,CRPS
2007-05-01,CESM2,od550aer,0.000008074203918005049,0.000008074203918005049,0.000008074203918005049,0.000008074203918005049,CRPS
2007-05-01,CESM2,pr,1.436536510833925e-05,1.436536510833925e-05,1.436536510833925e-05,1.436536510833925e-05,CRPS
2007-05-01,CESM2,tas,1.2393447262131658,1.2393447262131658,1.2393447262131658,1.2393447262131658,CRPS
2007-05-01,CESM2,tos,0.9847522284273438,0.9847522284273438,0.9847522284273438,0.9847522284273438,CRPS
2007-05-01,CESM2-WACCM,clt,11.985118637381436,11.985118637381436,11.985118637381436,11.985118637381436,CRPS
2007-05-01,CESM2-WACCM,od550aer,0.000007799246382421608,0.000007799246382421608,0.000007799246382421608,0.000007799246382421608,CRPS
2007-05-01,CESM2-WACCM,pr,1.3732233825607392e-05,1.3732233825607392e-05,1.3732233825607392e-05,1.3732233825607392e-05,CRPS
2007-05-01,CESM2-WACCM,tas,1.2519417036532,1.2519417036532,1.2519417036532,1.2519417036532,CRPS
2007-05-01,CESM2-WACCM,tos,0.9397266924130111,0.9397266924130111,0.9397266924130111,0.9397266924130111,CRPS
2007-05-01,CanESM5,clt,10.64322192806972,10.64322192806972,10.64322192806972,10.64322192806972,CRPS
2007-05-01,CanESM5,od550aer,0.000006835344127510588,0.000006835344127510588,0.000006835344127510588,0.000006835344127510588,CRPS
2007-05-01,CanESM5,pr,1.4538556933201795e-05,1.4538556933201795e-05,1.4538556933201795e-05,1.4538556933201795e-05,CRPS
2007-05-01,CanESM5,tas,1.4336232652251304,1.4336232652251304,1.4336232652251304,1.4336232652251304,CRPS
2007-05-01,CanESM5,tos,0.934105118666919,0.934105118666919,0.934105118666919,0.934105118666919,CRPS
2007-05-01,MPI-ESM1-2-LR,clt,10.960167380414495,10.960167380414495,10.960167380414495,10.960167380414495,CRPS
2007-05-01,MPI-ESM1-2-LR,od550aer,0.000008083838320240617,0.000008083838320240617,0.000008083838320240617,0.000008083838320240617,CRPS
2007-05-01,MPI-ESM1-2-LR,pr,1.5119186569929953e-05,1.5119186569929953e-05,1.5119186569929953e-05,1.5119186569929953e-05,CRPS
2007-05-01,MPI-ESM1-2-LR,tas,1.3832220790275933,1.3832220790275933,1.3832220790275933,1.3832220790275933,CRPS
2007-05-01,MPI-ESM1-2-LR,tos,0.9246242385953463,0.9246242385953463,0.9246242385953463,0.9246242385953463,CRPS
2007-05-01,NorESM2-LM,clt,12.004509936910203,12.004509936910203,12.004509936910203,12.004509936910203,CRPS
2007-05-01,NorESM2-LM,pr,1.3357887185735015e-05,1.3357887185735015e-05,1.3357887185735015e-05,1.3357887185735015e-05,CRPS
2007-05-01,NorESM2-LM,tas,1.3572216292874608,1.3572216292874608,1.3572216292874608,1.3572216292874608,CRPS
2007-05-01,NorESM2-LM,tos,1.0892419194025031,1.0892419194025031,1.0892419194025031,1.0892419194025031,CRPS
2007-06-01,CESM2,clt,11.745514607798757,11.745514607798757,11.745514607798757,11.745514607798757,CRPS
2007-06-01,CESM2,od550aer,0.000008021382742504735,0.000008021382742504735,0.000008021382742504735,0.000008021382742504735,CRPS
2007-06-01,CESM2,pr,1.376431615114598e-05,1.376431615114598e-05,1.376431615114598e-05,1.376431615114598e-05,CRPS
2007-06-01,CESM2,tas,1.3245773256028275,1.3245773256028275,1.3245773256028275,1.3245773256028275,CRPS
2007-06-01,CESM2,tos,0.9773592927657576,0.9773592927657576,0.9773592927657576,0.9773592927657576,CRPS
2007-06-01,CESM2-WACCM,clt,11.237631294600344,11.237631294600344,11.237631294600344,11.237631294600344,CRPS
2007-06-01,CESM2-WACCM,od550aer,0.000008005982096551562,0.000008005982096551562,0.000008005982096551562,0.000008005982096551562,CRPS
2007-06-01,CESM2-WACCM,pr,1.2820998767004322e-05,1.2820998767004322e-05,1.2820998767004322e-05,1.2820998767004322e-05,CRPS
2007-06-01,CESM2-WACCM,tas,1.2903227966109647,1.2903227966109647,1.2903227966109647,1.2903227966109647,CRPS
2007-06-01,CESM2-WACCM,tos,0.9602981598134589,0.9602981598134589,0.9602981598134589,0.9602981598134589,CRPS
2007-06-01,CanESM5,clt,12.651917666166495,12.651917666166495,12.651917666166495,12.651917666166495,CRPS
2007-06-01,CanESM5,od550aer,0.000006800190908296462,0.000006800190908296462,0.000006800190908296462,0.000006800190908296462,CRPS
2007-06-01,CanESM5,pr,1.63810245675781e-05,1.63810245675781e-05,1.63810245675781e-05,1.63810245675781e-05,CRPS
2007-06-01,CanESM5,tas,1.4082955676685411,1.4082955676685411,1.4082955676685411,1.4082955676685411,CRPS
2007-06-01,CanESM5,tos,0.8898139094501503,0.8898139094501503,0.8898139094501503,0.8898139094501503,CRPS
2007-06-01,MPI-ESM1-2-LR,clt,11.807956596636181,11.807956596636181,11.807956596636181,11.807956596636181,CRPS
2007-06-01,MPI-ESM1-2-LR,od550aer,0.000007674278871238495,0.000007674278871238495,0.000007674278871238495,0.000007674278871238495,CRPS
2007-06-01,MPI-ESM1-2-LR,pr,1.6282140116742635e-05,1.6282140116742635e-05,1.6282140116742635e-05,1.6282140116742635e-05,CRPS
2007-06-01,MPI-ESM1-2-LR,tas,1.4482418393011307,1.4482418393011307,1.4482418393011307,1.4482418393011307,CRPS
2007-06-01,MPI-ESM1-2-LR,tos,1.0078910034827808,1.0078910034827808,1.0078910034827808,1.0078910034827808,CRPS
2007-06-01,NorESM2-LM,clt,12.493917957879118,12.493917957879118,12.493917957879118,12.493917957879118,CRPS
2007-06-01,NorESM2-LM,pr,1.3317039216018941e-05,1.3317039216018941e-05,1.3317039216018941e-05,1.3317039216018941e-05,CRPS
2007-06-01,NorESM2-LM,tas,1.314720616173252,1.314720616173252,1.314720616173252,1.314720616173252,CRPS
2007-06-01,NorESM2-LM,tos,1.0436655448317067,1.0436655448317067,1.0436655448317067,1.0436655448317067,CRPS
2007-07-01,CESM2,clt,11.343009180081365,11.343009180081365,11.343009180081365,11.343009180081365,CRPS
2007-07-01,CESM2,od550aer,0.000007974745665596453,0.000007974745665596453,0.000007974745665596453,0.000007974745665596453,CRPS
2007-07-01,CESM2,pr,1.3313793626004823e-05,1.3313793626004823e-05,1.3313793626004823e-05,1.3313793626004823e-05,CRPS
2007-07-01,CESM2,tas,1.421571818636887,1.421571818636887,1.421571818636887,1.421571818636887,CRPS
2007-07-01,CESM2,tos,0.9676711162725788,0.9676711162725788,0.9676711162725788,0.9676711162725788,CRPS
2007-07-01,CESM2-WACCM,clt,11.394756387002028,11.394756387002028,11.394756387002028,11.394756387002028,CRPS
2007-07-01,CESM2-WACCM,od550aer,0.000007407780174313652,0.000007407780174313652,0.000007407780174313652,0.000007407780174313652,CRPS
2007-07-01,CESM2-WACCM,pr,1.3723388995235677e-05,1.3723388995235677e-05,1.3723388995235677e-05,1.3723388995235677e-05,CRPS
2007-07-01,CESM2-WACCM,tas,1.4468068049417968,1.4468068049417968,1.4468068049417968,1.4468068049417968,CRPS
2007-07-01,CESM2-WACCM,tos,0.9850909187041805,0.9850909187041805,0.9850909187041805,0.9850909187041805,CRPS
2007-07-01,CanESM5,clt,12.765037676346322,12.765037676346322,12.765037676346322,12.765037676346322,CRPS
2007-07-01,CanESM5,od550aer,0.00000687742516878115,0.00000687742516878115,0.00000687742516878115,0.00000687742516878115,CRPS
2007-07-01,CanESM5,pr,1.523836884147396e-05,1.523836884147396e-05,1.523836884147396e-05,1.523836884147396e-05,CRPS
2007-07-01,CanESM5,tas,1.4938968918651474,1.4938968918651474,1.4938968918651474,1.4938968918651474,CRPS
2007-07-01,CanESM5,tos,0.9288836434055951,0.9288836434055951,0.9288836434055951,0.9288836434055951,CRPS
2007-07-01,MPI-ESM1-2-LR,clt,12.534239610028898,12.534239610028898,12.534239610028898,12.534239610028898,CRPS
2007-07-01,MPI-ESM1-2-LR,od550aer,0.000006951443680083474,0.000006951443680083474,0.000006951443680083474,0.000006951443680083474,CRPS
2007-07-01,MPI-ESM1-2-LR,pr,1.544029161885704e-05,1.544029161885704e-05,1.544029161885704e-05,1.544029161885704e-05,CRPS
2007-07-01,MPI-ESM1-2-LR,tas,1.561345049812092,1.561345049812092,1.561345049812092,1.561345049812092,CRPS
2007-07-01,MPI-ESM1-2-LR,tos,1.0805011472351118,1.0805011472351118,1.0805011472351118,1.0805011472351118,CRPS
2007-07-01,NorESM2-LM,clt,12.943620026293152,12.943620026293152,12.943620026293152,12.943620026293152,CRPS
2007-07-01,NorESM2-LM,pr,1.3048950412783075e-05,1.3048950412783075e-05,1.3048950412783075e-05,1.3048950412783075e-05,CRPS
2007-07-01,NorESM2-LM,tas,1.4340027843566805,1.4340027843566805,1.4340027843566805,1.4340027843566805,CRPS
2007-07-01,NorESM2-LM,tos,1.0875076185242865,1.0875076185242865,1.0875076185242865,1.0875076185242865,CRPS
2007-08-01,CESM2,clt,10.247700351477857,10.247700351477857,10.247700351477857,10.247700351477857,CRPS
2007-08-01,CESM2,od550aer,0.00000768073397139273,0.00000768073397139273,0.00000768073397139273,0.00000768073397139273,CRPS
2007-08-01,CESM2,pr,1.1809433918896865e-05,1.1809433918896865e-05,1.1809433918896865e-05,1.1809433918896865e-05,CRPS
2007-08-01,CESM2,tas,1.3165784164823648,1.3165784164823648,1.3165784164823648,1.3165784164823648,CRPS
2007-08-01,CESM2,tos,0.9544799898812035,0.9544799898812035,0.9544799898812035,0.9544799898812035,CRPS
2007-08-01,CESM2-WACCM,clt,10.56317208291771,10.56317208291771,10.56317208291771,10.56317208291771,CRPS
2007-08-01,CESM2-WACCM,od550aer,0.000007013265424785657,0.000007013265424785657,0.000007013265424785657,0.000007013265424785657,CRPS
2007-08-01,CESM2-WACCM,pr,1.2207511243571352e-05,1.2207511243571352e-05,1.2207511243571352e-05,1.2207511243571352e-05,CRPS
2007-08-01,CESM2-WACCM,tas,1.3560562195990726,1.3560562195990726,1.3560562195990726,1.3560562195990726,CRPS
2007-08-01,CESM2-WACCM,tos,0.985680168280528,0.985680168280528,0.985680168280528,0.985680168280528,CRPS
2007-08-01,CanESM5,clt,11.613939753832277,11.613939753832277,11.613939753832277,11.613939753832277,CRPS
2007-08-01,CanESM5,od550aer,0.000007044111539428718,0.000007044111539428718,0.000007044111539428718,0.000007044111539428718,CRPS
2007-08-01,CanESM5,pr,1.2984129407496718e-05,1.2984129407496718e-05,1.2984129407496718e-05,1.2984129407496718e-05,CRPS
2007-08-01,CanESM5,tas,1.378157531254926,1.378157531254926,1.378157531254926,1.378157531254926,CRPS
2007-08-01,CanESM5,tos,0.9417465667316051,0.9417465667316051,0.9417465667316051,0.9417465667316051,CRPS
2007-08-01,MPI-ESM1-2-LR,clt,11.938180904662046,11.938180904662046,11.938180904662046,11.938180904662046,CRPS
2007-08-01,MPI-ESM1-2-LR,od550aer,0.000006827908060350088,0.000006827908060350088,0.000006827908060350088,0.000006827908060350088,CRPS
2007-08-01,MPI-ESM1-2-LR,pr,1.327201715606751e-05,1.327201715606751e-05,1.327201715606751e-05,1.327201715606751e-05,CRPS
2007-08-01,MPI-ESM1-2-LR,tas,1.4665592610067788,1.4665592610067788,1.4665592610067788,1.4665592610067788,CRPS
2007-08-01,MPI-ESM1-2-LR,tos,1.137824994522206,1.137824994522206,1.137824994522206,1.137824994522206,CRPS
2007-08-01,NorESM2-LM,clt,12.300243649317721,12.300243649317721,12.300243649317721,12.300243649317721,CRPS
2007-08-01,NorESM2-LM,pr,1.1750624065290704e-05,1.1750624065290704e-05,1.1750624065290704e-05,1.1750624065290704e-05,CRPS
2007-08-01,NorESM2-LM,tas,1.3546463926131493,1.3546463926131493,1.3546463926131493,1.3546463926131493,CRPS
2007-08-01,NorESM2-LM,tos,1.1277225714738974,1.1277225714738974,1.1277225714738974,1.1277225714738974,CRPS
2007-09-01,CESM2,clt,9.490471081366072,9.490471081366072,9.490471081366072,9.490471081366072,CRPS
2007-09-01,CESM2,od550aer,0.000007197350349485951,0.000007197350349485951,0.000007197350349485951,0.000007197350349485951,CRPS
2007-09-01,CESM2,pr,1.1541770098046869e-05,1.1541770098046869e-05,1.1541770098046869e-05,1.1541770098046869e-05,CRPS
2007-09-01,CESM2,tas,1.209312070780831,1.209312070780831,1.209312070780831,1.209312070780831,CRPS
2007-09-01,CESM2,tos,0.9093792802541242,0.9093792802541242,0.9093792802541242,0.9093792802541242,CRPS
2007-09-01,CESM2-WACCM,clt,10.0000019847828736546,10.0000019847828736546,10.0000019847828736546,10.0000019847828736546,CRPS
2007-09-01,CESM2-WACCM,od550aer,0.000006426463433753041,0.000006426463433753041,0.000006426463433753041,0.000006426463433753041,CRPS
2007-09-01,CESM2-WACCM,pr,1.2080455312708248e-05,1.2080455312708248e-05,1.2080455312708248e-05,1.2080455312708248e-05,CRPS
2007-09-01,CESM2-WACCM,tas,1.2155609097676385,1.2155609097676385,1.2155609097676385,1.2155609097676385,CRPS
2007-09-01,CESM2-WACCM,tos,0.9501744158416439,0.9501744158416439,0.9501744158416439,0.9501744158416439,CRPS
2007-09-01,CanESM5,clt,9.943814579396681,9.943814579396681,9.943814579396681,9.943814579396681,CRPS
2007-09-01,CanESM5,od550aer,0.000008091514882047023,0.000008091514882047023,0.000008091514882047023,0.000008091514882047023,CRPS
2007-09-01,CanESM5,pr,1.2766086025393748e-05,1.2766086025393748e-05,1.2766086025393748e-05,1.2766086025393748e-05,CRPS
2007-09-01,CanESM5,tas,1.367300425115528,1.367300425115528,1.367300425115528,1.367300425115528,CRPS
2007-09-01,CanESM5,tos,0.9216692520167962,0.9216692520167962,0.9216692520167962,0.9216692520167962,CRPS
2007-09-01,MPI-ESM1-2-LR,clt,10.877881972891283,10.877881972891283,10.877881972891283,10.877881972891283,CRPS
2007-09-01,MPI-ESM1-2-LR,od550aer,0.000007925569358745363,0.000007925569358745363,0.000007925569358745363,0.000007925569358745363,CRPS
2007-09-01,MPI-ESM1-2-LR,pr,1.2644725994236151e-05,1.2644725994236151e-05,1.2644725994236151e-05,1.2644725994236151e-05,CRPS
2007-09-01,MPI-ESM1-2-LR,tas,1.3638590821519614,1.3638590821519614,1.3638590821519614,1.3638590821519614,CRPS
2007-09-01,MPI-ESM1-2-LR,tos,1.1131278823834068,1.1131278823834068,1.1131278823834068,1.1131278823834068,CRPS
2007-09-01,NorESM2-LM,clt,11.186477047830342,11.186477047830342,11.186477047830342,11.186477047830342,CRPS
2007-09-01,NorESM2-LM,pr,1.1835418099090618e-05,1.1835418099090618e-05,1.1835418099090618e-05,1.1835418099090618e-05,CRPS
2007-09-01,NorESM2-LM,tas,1.287481790631651,1.287481790631651,1.287481790631651,1.287481790631651,CRPS
2007-09-01,NorESM2-LM,tos,1.0962062828391557,1.0962062828391557,1.0962062828391557,1.0962062828391557,CRPS
2007-10-01,CESM2,clt,9.43745803740947,9.43745803740947,9.43745803740947,9.43745803740947,CRPS
2007-10-01,CESM2,od550aer,0.000006638737655321549,0.000006638737655321549,0.000006638737655321549,0.000006638737655321549,CRPS
2007-10-01,CESM2,pr,1.1630700894156248e-05,1.1630700894156248e-05,1.1630700894156248e-05,1.1630700894156248e-05,CRPS
2007-10-01,CESM2,tas,1.3439118583271799,1.3439118583271799,1.3439118583271799,1.3439118583271799,CRPS
2007-10-01,CESM2,tos,0.8930969779642696,0.8930969779642696,0.8930969779642696,0.8930969779642696,CRPS
2007-10-01,CESM2-WACCM,clt,10.115175846112365,10.115175846112365,10.115175846112365,10.115175846112365,CRPS
2007-10-01,CESM2-WACCM,od550aer,0.000005408747038253305,0.000005408747038253305,0.000005408747038253305,0.000005408747038253305,CRPS
2007-10-01,CESM2-WACCM,pr,1.2299377442881366e-05,1.2299377442881366e-05,1.2299377442881366e-05,1.2299377442881366e-05,CRPS
2007-10-01,CESM2-WACCM,tas,1.270776738268653,1.270776738268653,1.270776738268653,1.270776738268653,CRPS
2007-10-01,CESM2-WACCM,tos,0.9248095500877834,0.9248095500877834,0.9248095500877834,0.9248095500877834,CRPS
2007-10-01,CanESM5,clt,9.819004136980524,9.819004136980524,9.819004136980524,9.819004136980524,CRPS
2007-10-01,CanESM5,od550aer,0.000008836675320746896,0.000008836675320746896,0.000008836675320746896,0.000008836675320746896,CRPS
2007-10-01,CanESM5,pr,1.3272594631177723e-05,1.3272594631177723e-05,1.3272594631177723e-05,1.3272594631177723e-05,CRPS
2007-10-01,CanESM5,tas,1.4707134223570673,1.4707134223570673,1.4707134223570673,1.4707134223570673,CRPS
2007-10-01,CanESM5,tos,0.9379723838802132,0.9379723838802132,0.9379723838802132,0.9379723838802132,CRPS
2007-10-01,MPI-ESM1-2-LR,clt,9.851484547467093,9.851484547467093,9.851484547467093,9.851484547467093,CRPS
2007-10-01,MPI-ESM1-2-LR,od550aer,0.00000706727977025195,0.00000706727977025195,0.00000706727977025195,0.00000706727977025195,CRPS
2007-10-01,MPI-ESM1-2-LR,pr,1.2440556659180817e-05,1.2440556659180817e-05,1.2440556659180817e-05,1.2440556659180817e-05,CRPS
2007-10-01,MPI-ESM1-2-LR,tas,1.3625643246797545,1.3625643246797545,1.3625643246797545,1.3625643246797545,CRPS
2007-10-01,MPI-ESM1-2-LR,tos,1.068677835826645,1.068677835826645,1.068677835826645,1.068677835826645,CRPS
2007-10-01,NorESM2-LM,clt,10.574873862074448,10.574873862074448,10.574873862074448,10.574873862074448,CRPS
2007-10-01,NorESM2-LM,pr,1.2596935548228245e-05,1.2596935548228245e-05,1.2596935548228245e-05,1.2596935548228245e-05,CRPS
2007-10-01,NorESM2-LM,tas,1.2071652146399374,1.2071652146399374,1.2071652146399374,1.2071652146399374,CRPS
2007-10-01,NorESM2-LM,tos,1.0633310581007809,1.0633310581007809,1.0633310581007809,1.0633310581007809,CRPS
2007-11-01,CESM2,clt,10.450264954061916,10.450264954061916,10.450264954061916,10.450264954061916,CRPS
2007-11-01,CESM2,od550aer,0.000005798661284270037,0.000005798661284270037,0.000005798661284270037,0.000005798661284270037,CRPS
2007-11-01,CESM2,pr,1.241538618528373e-05,1.241538618528373e-05,1.241538618528373e-05,1.241538618528373e-05,CRPS
2007-11-01,CESM2,tas,1.5530741243797752,1.5530741243797752,1.5530741243797752,1.5530741243797752,CRPS
2007-11-01,CESM2,tos,0.9577141585611273,0.9577141585611273,0.9577141585611273,0.9577141585611273,CRPS
2007-11-01,CESM2-WACCM,clt,10.487746471986538,10.487746471986538,10.487746471986538,10.487746471986538,CRPS
2007-11-01,CESM2-WACCM,od550aer,0.000005435945425796092,0.000005435945425796092,0.000005435945425796092,0.000005435945425796092,CRPS
2007-11-01,CESM2-WACCM,pr,1.3503308436040906e-05,1.3503308436040906e-05,1.3503308436040906e-05,1.3503308436040906e-05,CRPS
2007-11-01,CESM2-WACCM,tas,1.4600230964361363,1.4600230964361363,1.4600230964361363,1.4600230964361363,CRPS
2007-11-01,CESM2-WACCM,tos,0.9944942567539505,0.9944942567539505,0.9944942567539505,0.9944942567539505,CRPS
2007-11-01,CanESM5,clt,9.516760394222327,9.516760394222327,9.516760394222327,9.516760394222327,CRPS
2007-11-01,CanESM5,od550aer,0.000007080928107873864,0.000007080928107873864,0.000007080928107873864,0.000007080928107873864,CRPS
2007-11-01,CanESM5,pr,1.3656996869390181e-05,1.3656996869390181e-05,1.3656996869390181e-05,1.3656996869390181e-05,CRPS
2007-11-01,CanESM5,tas,1.6259723586376504,1.6259723586376504,1.6259723586376504,1.6259723586376504,CRPS
2007-11-01,CanESM5,tos,0.9765842639300486,0.9765842639300486,0.9765842639300486,0.9765842639300486,CRPS
2007-11-01,MPI-ESM1-2-LR,clt,10.466524174030125,10.466524174030125,10.466524174030125,10.466524174030125,CRPS
2007-11-01,MPI-ESM1-2-LR,od550aer,0.000006901817319478384,0.000006901817319478384,0.000006901817319478384,0.000006901817319478384,CRPS
2007-11-01,MPI-ESM1-2-LR,pr,1.2663324299835081e-05,1.2663324299835081e-05,1.2663324299835081e-05,1.2663324299835081e-05,CRPS
2007-11-01,MPI-ESM1-2-LR,tas,1.4172174504037955,1.4172174504037955,1.4172174504037955,1.4172174504037955,CRPS
2007-11-01,MPI-ESM1-2-LR,tos,1.0457833215619687,1.0457833215619687,1.0457833215619687,1.0457833215619687,CRPS
2007-11-01,NorESM2-LM,clt,10.845850111410831,10.845850111410831,10.845850111410831,10.845850111410831,CRPS
2007-11-01,NorESM2-LM,pr,1.3007118450363199e-05,1.3007118450363199e-05,1.3007118450363199e-05,1.3007118450363199e-05,CRPS
2007-11-01,NorESM2-LM,tas,1.4302107000932471,1.4302107000932471,1.4302107000932471,1.4302107000932471,CRPS
2007-11-01,NorESM2-LM,tos,1.1037757531917927,1.1037757531917927,1.1037757531917927,1.1037757531917927,CRPS
2007-12-01,CESM2,clt,11.14083901788694,11.14083901788694,11.14083901788694,11.14083901788694,CRPS
2007-12-01,CESM2,od550aer,0.000005627725948026718,0.000005627725948026718,0.000005627725948026718,0.000005627725948026718,CRPS
2007-12-01,CESM2,pr,1.1857351939545913e-05,1.1857351939545913e-05,1.1857351939545913e-05,1.1857351939545913e-05,CRPS
2007-12-01,CESM2,tas,1.5446169090372608,1.5446169090372608,1.5446169090372608,1.5446169090372608,CRPS
2007-12-01,CESM2,tos,1.0023826319709654,1.0023826319709654,1.0023826319709654,1.0023826319709654,CRPS
2007-12-01,CESM2-WACCM,clt,11.288757076346785,11.288757076346785,11.288757076346785,11.288757076346785,CRPS
2007-12-01,CESM2-WACCM,od550aer,0.000005329898580099403,0.000005329898580099403,0.000005329898580099403,0.000005329898580099403,CRPS
2007-12-01,CESM2-WACCM,pr,1.3354429930746006e-05,1.3354429930746006e-05,1.3354429930746006e-05,1.3354429930746006e-05,CRPS
2007-12-01,CESM2-WACCM,tas,1.4854132314323565,1.4854132314323565,1.4854132314323565,1.4854132314323565,CRPS
2007-12-01,CESM2-WACCM,tos,0.9976100653434818,0.9976100653434818,0.9976100653434818,0.9976100653434818,CRPS
2007-12-01,CanESM5,clt,10.51427276457955,10.51427276457955,10.51427276457955,10.51427276457955,CRPS
2007-12-01,CanESM5,od550aer,0.0000055313132033450126,0.0000055313132033450126,0.0000055313132033450126,0.0000055313132033450126,CRPS
2007-12-01,CanESM5,pr,1.3801259091817918e-05,1.3801259091817918e-05,1.3801259091817918e-05,1.3801259091817918e-05,CRPS
2007-12-01,CanESM5,tas,1.7867207953458282,1.7867207953458282,1.7867207953458282,1.7867207953458282,CRPS
2007-12-01,CanESM5,tos,0.9998751865769361,0.9998751865769361,0.9998751865769361,0.9998751865769361,CRPS
2007-12-01,MPI-ESM1-2-LR,clt,11.614558906296235,11.614558906296235,11.614558906296235,11.614558906296235,CRPS
2007-12-01,MPI-ESM1-2-LR,od550aer,0.000006250943071858277,0.000006250943071858277,0.000006250943071858277,0.000006250943071858277,CRPS
2007-12-01,MPI-ESM1-2-LR,pr,1.3812775928381315e-05,1.3812775928381315e-05,1.3812775928381315e-05,1.3812775928381315e-05,CRPS
2007-12-01,MPI-ESM1-2-LR,tas,1.5054536449191376,1.5054536449191376,1.5054536449191376,1.5054536449191376,CRPS
2007-12-01,MPI-ESM1-2-LR,tos,1.0327541953760817,1.0327541953760817,1.0327541953760817,1.0327541953760817,CRPS
2007-12-01,NorESM2-LM,clt,12.38122648351511,12.38122648351511,12.38122648351511,12.38122648351511,CRPS
2007-12-01,NorESM2-LM,pr,1.2478116558387902e-05,1.2478116558387902e-05,1.2478116558387902e-05,1.2478116558387902e-05,CRPS
2007-12-01,NorESM2-LM,tas,1.356537543308171,1.356537543308171,1.356537543308171,1.356537543308171,CRPS
2007-12-01,NorESM2-LM,tos,1.194485789288345,1.194485789288345,1.194485789288345,1.194485789288345,CRPS
